Quantity,Revenue,Unique Transactions
95,46.94000000000233,15
5643,11247.58,2
4308,3087.2,1
3431,9911.98,4
354,573.0,0
495,613.56,1
1324,3979.82,2
338,661.1,1
1160,2300.96,0
771,1674.97,1
5666,15404.67,3
12279,37478.9,2
2462,8559.0,3
4661,20415.38,8
4586,8071.28,6
506,1111.3,3
4058,9949.02,1
828,1199.88,0
2147,2061.73,0
274,611.08,0
792,1338.48,1
227,250.79999999999998,0
748,2250.8,1
2255,3440.74,3
4256,7964.0,3
2657,7971.72,3
1245,2381.94,0
1178,2711.0,2
3049,7384.91,3
475,1176.42,0
825,1460.05,2
3882,6620.71,2
5510,9845.15,1
1895,3773.62,2
7574,18761.73,10
1432,3604.58,0
-3,-55.14,1
2521,3513.75,0
285,1260.92,0
1330,4280.1,2
1152,1267.6,1
160,212.64,1
3416,7330.0,2
1385,3409.37,3
624,998.94,0
2447,5778.91,6
196,669.2,1
2522,4983.6,3
946,1668.68,0
7274,11025.76,4
955,1618.85,1
2013,5004.53,0
2362,3089.2,0
3884,3718.6,3
136,354.0,1
37,354.45,0
1056,2336.15,6
1028,3887.54,1
3,189.72,1
1613,3411.9900000000002,0
6525,12935.73,4
1913,2784.46,0
3719,7945.48,5
26212,50894.88,6
531,1900.76,1
232,574.85,1
3206,4340.73,5
719,2245.25,1
608,1622.41,5
173965,307364.51,7
240,376.8,1
5417,14154.43,15
1937,4086.15,4
417,916.1700000000001,2
636,1163.88,0
983,1859.47,3
4814,7991.77,18
3462,5812.75,2
3509,5739.99,5
1988,3247.86,2
1174,2718.1800000000003,2
749,2038.87,1
7103,16207.43,0
6074,14792.32,6
130,307.8,0
11173,25969.190000000002,16
3154,8893.84,0
31573,40659.840000000004,6
920,2194.48,1
12588,31545.210000000003,4
268,853.1600000000001,0
14197,27309.76,28
1896,5405.56,0
1027,2587.53,3
792,2133.1,3
428,774.9000000000001,1
333,331.04,0
341,910.97,1
2192,10556.64,0
338,820.08,2
764,2250.7000000000003,0
404,1062.58,0
450,816.89,0
4075,9179.09,2
1051,1700.47,5
16765,23902.84,4
309,793.53,0
996,1492.06,0
2679,5602.61,7
6826,15529.32,4
3372,7860.79,0
1384,4202.04,2
2142,3744.88,2
445,858.11,1
295,482.9,1
526,1885.08,0
827,2204.69,0
1301,2458.27,0
324,2867.1499999999996,0
1010,1552.44,0
3,170.19,1
0,0.0,2
4116,7354.39,7
6695,7085.55,2
215,530.85,1
36232,118119.28,81
22496,39636.1,26
4331,5659.3099999999995,0
14490,23981.74,25
1420,2056.2200000000003,1
11668,30806.64,18
12888,45688.96,3
504,1514.8600000000001,0
599,1001.53,0
5512,10648.82,4
14224,25708.1,8
44223,34290.49,32
5423,12054.45,14
5738,12354.42,8
886,1423.9,1
944,1910.3,1
318,545.0999999999999,2
1190,2729.38,0
265,1044.03,0
13182,23511.39,12
450,817.7,0
856,1544.58,1
484,989.24,0
1843,3857.56,5
239,646.25,2
71,119.63,2
10892,10965.37,3
254,653.1,0
686,974.96,1
4858,9820.89,12
2914,4156.0,0
1972,10765.77,0
1121,1126.0,1
520,621.0,2
527,1652.2,2
48,156.7,0
1788,3271.27,1
516,847.61,0
180,658.5,0
4451,7784.41,14
3384,6091.43,2
170,288.33,0
796,1178.29,0
1592,2652.28,1
183,846.45,0
3970,5798.26,2
2300,4451.2300000000005,0
2336,4002.5,0
805,1518.67,2
2597,5528.56,0
554,1043.22,0
493,447.31,0
4370,8971.6,17
13394,23125.85,10
1011,1736.3600000000001,8
1309,2874.67,0
819,1049.23,2
1452,4734.36,0
437,730.71,2
5958,8851.2,7
2229,4086.6,2
209,479.13,0
1199,2756.48,6
1311,2240.83,0
484,1459.2,0
4450,7291.73,0
748,1293.5,1
552,1163.25,1
8874,23124.33,3
22238,51565.85,17
1574,2334.25,0
975,829.07,4
1136,2107.9,1
274,761.32,0
909,1846.19,0
1018,1905.72,0
456,633.18,1
86,175.39999999999998,0
2690,3288.58,6
1083,2020.23,0
200,346.0,0
222,979.41,0
4617,9752.92,3
455,865.97,1
3,387.68999999999994,1
727,1451.28,0
22714,67339.62,4
0,8.881784197001252e-15,0
495,996.37,0
2022,3855.51,0
364,480.85,0
5368,11357.2,2
282,696.92,1
273,879.45,0
112,194.36,0
451,595.43,0
11358,26594.51,8
108,150.2,1
3136,7475.46,0
3,232.56,1
829,913.3100000000001,0
860,2518.47,0
1017,1663.18,4
85,352.95,0
592,1342.74,2
2593,3957.87,5
2194,2907.65,5
4161,8052.7,3
528,833.71,0
1188,2395.2,1
223,281.77,0
2345,4629.76,2
15648,27137.75,14
862,4650.62,0
2615,4475.09,0
1437,4619.97,4
172,433.6,0
762,2308.7799999999997,4
2502,6530.82,9
8252,19095.3,2
1092,2367.3,2
3392,2229.8,6
304,639.1,0
5681,11067.960000000001,6
418,630.36,1
774,1190.63,0
4113,7525.8,0
4784,8269.42,6
3706,4232.3,6
3234,11364.210000000001,16
607,1454.84,1
206,188.92000000000002,0
463,5157.599999999999,0
380,579.6800000000001,0
1650,2540.41,5
3,63.0,1
0,3.552713678800501e-15,0
795,1174.67,1
3179,7165.33,7
1682,3873.94,0
1341,1981.19,0
253,679.59,0
7869,15271.12,7
157,673.35,0
6779,12102.16,7
851,1939.65,2
432,786.01,0
212,360.41,0
5479,6214.03,1
2452,2760.37,0
27452,60160.59,22
167,471.25,0
4344,8537.74,8
623,1281.73,0
6751,11882.94,2
6039,12274.72,0
5337,8854.17,0
624,1133.39,0
1049,2704.16,2
1023,2480.57,0
3528,8289.86,6
1619,1681.94,4
6468,11628.09,5
554,927.2,2
3595,5481.56,2
2,282.0,1
7532,14546.73,4
1200,1808.58,1
1202,2764.9,2
596,2484.03,0
103,302.4,0
1387,3044.77,0
6504,12533.06,8
2042,4249.74,5
3860,7173.47,5
1944,3023.46,0
15225,40285.23,35
1112,2425.19,4
3583,4846.29,7
496,599.94,0
495,788.65,4
917,2016.3100000000002,1
3837,13252.63,1
505,1321.19,0
187,619.75,1
5523,14078.9,4
1713,3331.45,0
622,1371.98,0
190,182.76,0
230,419.40000000000003,0
408,310.8,1
7354,15468.33,11
179,285.75,3
5832,22861.96,2
343,663.5,3
661,2567.59,1
841,1338.49,0
10187,25048.02,6
1831,2869.58,0
3828,8470.66,2
2730,6064.741,1
286,844.15,2
1261,2369.42,1
2212,4066.98,0
748,2051.2,4
3221,4998.33,6
347,862.55,3
52345,87808.29,10
1094,2216.23,0
688,1380.14,0
37128,67993.01,30
27808,62584.08,24
13560,27134.28,9
2999,3611.47,0
2793,5683.51,0
312,254.6,1
2637,4292.58,2
5594,9767.06,0
1167,2313.59,0
276,822.6800000000001,0
960,2623.2,1
71,220.4,1
1107,3456.09,5
2110,3929.8,2
837,3259.9700000000003,3
1183,1719.24,3
702,1509.52,0
254,850.15,1
655,1225.81,1
4849,9360.3,0
3121,4681.36,4
70,305.0,0
1149,2000.05,5
2680,5835.55,0
13293,24145.45,8
-3,-275.67,1
516,1328.74,0
5272,11221.06,15
30995,83281.11,30
1408,1873.19,0
1455,2719.69,2
4520,13989.33,14
812,1506.42,0
17575,31104.86,7
436,789.32,0
1266,2084.82,0
1180,2283.02,1
344,471.96,0
472,851.75,0
12601,16868.78,13
5330,8548.87,4
983,1708.35,0
605,1119.85,0
2776,4940.04,3
2900,6546.44,4
7666,6683.46,4
4659,9840.09,3
998,2345.74,1
412,736.0,0
447,1658.05,1
24775,62513.87,5
236,484.06,0
2021,6434.64,5
455,1394.0500000000002,2
613,1447.01,0
298,374.4,0
3,3810.5,2
710,742.9,1
1851,6362.26,2
504,737.5,0
380,835.0,2
2367,2359.42,2
682,1151.05,0
16168,36475.12,4
705,1896.5,3
187,485.15000000000003,3
6824,22143.45,22
70813,97974.34,159
4053,13509.45,8
282,542.42,0
332,509.19,1
4854,10158.34,0
20312,41527.27,0
12176,5137.099999999999,0
7377,18648.25,19
336,254.64,0
4691,8553.14,0
13195,22445.71,6
5739,10321.34,5
316,620.88,1
564,1547.95,2
2766,4821.24,0
968,1385.6,1
957,4643.99,0
1804,2436.7,6
10781,20006.07,5
1256,1720.06,1
0,0.0,2
799,3297.93,0
2926,5213.74,6
159,440.55,2
1091,1746.51,0
0,1.7763568394002505e-15,2
100,225.3,1
1820,3313.28,2
92,111.0,1
1011,1121.0,1
2856,2867.2,3
6491,12108.03,10
578,655.24,1
1252,1361.36,0
4272,9791.1,8
1139,3187.27,0
1782,3705.96,1
829,2206.59,3
748,1788.2,1
1010,1789.8,2
386,905.1,4
70,486.8,2
532,1040.06,2
816,1570.6100000000001,8
649,1342.16,2
1150,2172.19,2
853,1280.59,0
180,1134.04,0
454,937.5,1
539,1425.51,4
35266,51415.82,1
257,377.65,1
608,1265.82,3
937,2036.21,2
3966,4730.9,7
1472,1982.08,1
479,534.65,2
1362,3516.7,4
4329,6073.96,4
232,502.9,3
582,1471.6000000000001,3
922,3550.86,6
635,845.57,2
778,1908.0,2
242,391.94,0
1866,3261.0,3
386,767.36,0
632,2026.56,0
267,1222.8,0
430,1401.54,2
1779,3051.01,0
598,934.6800000000001,1
3366,5174.76,9
282,434.1,1
878,1575.68,0
1860,13003.0,13
384,740.48,0
254,1029.64,2
3735,5600.6900000000005,8
440,1221.2,0
800,1701.91,0
752,656.16,1
16167,10659.28,0
506,838.86,2
441,844.39,0
293,785.29,0
350,986.5400000000001,0
5145,15889.4,49
4738,16062.44,13
429,1490.95,1
3861,7988.88,11
13165,19953.29,16
4131,7677.31,5
9054,13165.06,18
1642,3628.94,2
6725,17210.83,25
457,1380.23,2
409,721.67,0
3,46.74,1
2400,2658.2799999999997,1
151,505.25,1
3639,6083.21,4
400,660.0,1
261,605.65,1
295,859.45,0
3479,10102.13,7
3252,6693.88,6
592,1614.23,4
2012,4194.08,0
3023,8397.3,5
106,225.75,2
787,1652.85,1
48,90.24,1
28,81.0,1
1240,1962.6299999999999,2
2570,6548.2,5
821,536.99,1
3576,6655.22,2
1190,2805.12,2
15629,16283.93,6
2520,4837.42,3
398,1017.14,1
1740,3624.9,4
1338,2705.18,1
4209,9155.08,12
1484,3797.0,2
1034,1529.36,3
10374,2713.98,3
4908,8727.91,3
4245,7476.3,8
1084,1762.0,0
729,1296.51,0
650,1635.1000000000001,2
49,430.4,0
574,3656.88,0
395,1527.8300000000002,0
83,392.25,0
1189,2388.64,0
1296,2721.68,0
187,476.05,1
129,612.84,0
216,693.84,6
870,1448.0,1
6000,2132.0,9
259,532.53,1
166,313.96000000000004,0
60,268.0,1
339,646.75,0
-25,-148.75,1
694,1428.4,2
466,740.1400000000001,2
177,647.35,1
266,899.78,1
34289,29906.65,0
101,294.47,0
1365,2075.83,1
701,1127.61,0
1028,2231.92,3
2678,4765.06,0
446,1104.38,3
4200,2658.0,3
3918,7298.03,5
9132,13350.08,6
1611,3844.88,1
2438,5009.58,0
5889,12550.51,9
710,427.5,1
798,2851.8,7
5120,12375.82,3
2237,9046.15,7
-1,-10953.5,3
1374,2618.82,0
815,995.0500000000001,3
43384,79589.43000000001,55
464,651.6800000000001,0
511,2065.93,2
3092,5493.280000000001,9
986,1252.3899999999999,1
1452,3162.87,4
242,324.41999999999996,1
6503,9373.73,7
113,287.55,0
699,929.45,0
132963,187691.13,51
3242,3627.9,8
1545,2845.73,7
32,261.6,1
6779,8743.84,11
990,1933.5,0
4204,7908.0,5
408,317.46,0
27456,66243.84,12
868,1893.85,0
725,764.85,1
589,2142.32,1
472,1253.2,3
508,1018.8199999999999,0
876,2102.09,1
259,634.65,1
2502,3338.32,1
2680,5284.84,2
16685,32725.21,18
2266,2935.6,0
3574,7532.6900000000005,12
1133,2653.69,0
796,1661.3700000000001,1
200,371.09999999999997,1
6180,8764.0,0
497,831.33,3
8206,16694.08,9
290,1120.77,2
288,347.95,2
3797,2867.71,4
269,353.23,1
269,581.9100000000001,0
3693,8436.05,6
94,257.73,1
491,1518.5,0
109,235.08,0
2291,7171.35,2
159,275.25,0
89,316.95,1
1865,3162.62,6
31399,33140.89,34
1576,2608.4100000000003,6
50,1015.8,1
207,886.16,1
1801,4452.16,8
5328,6629.16,7
269,1130.96,3
2793,5735.18,6
814,826.78,2
3677,41153.43,14
578,922.9,0
3555,6086.34,15
1061,851.88,1
40,154.8,0
1918,2032.47,0
2261,5910.280000000001,12
1163,2932.29,3
246,958.61,0
13641,26738.55,20
1190,2366.0,4
1038,1679.48,1
36,157.0,1
1236,2441.33,6
867,2018.32,0
196,401.44,0
191,554.75,1
2439,4750.71,9
1891,1632.38,4
552,667.62,0
1295,2518.09,2
25792,53301.94,22
381,793.51,2
224,351.20000000000005,0
15916,23438.37,24
803,2130.35,3
124,363.24,0
154,540.1,1
568,1017.86,5
300,585.0,1
437,577.26,2
80,278.40000000000003,1
3352,6645.09,4
13873,28255.79,18
4542,16404.48,2
6898,15218.43,9
838,1410.7,0
48,204.0,0
11421,17893.97,8
865,2930.37,8
588,1509.95,5
6443,12062.08,13
84,154.3,1
1165,3070.59,1
376,1267.74,3
485,619.63,1
4436,3465.3,5
53397,21410.4,17
1187,1008.99,0
268,2071.6,2
1010,2283.0099999999998,1
4438,7169.91,5
2609,6442.4,8
143,309.05,1
999,1832.09,2
1536,2265.6,1
82,845.7,1
4414,8710.880000000001,13
548,1505.06,0
689,2832.26,4
671,1190.75,0
684,1861.6200000000001,4
1547,2934.44,4
758,1279.1200000000001,0
5018,11513.42,12
932,1932.52,2
901,1746.06,1
7562,19745.76,27
5443,8685.07,8
1054,2435.7400000000002,3
12693,25237.670000000002,30
76,189.8,2
3035,7619.5,6
76,258.5,1
-3,-42.0,1
3301,4815.08,2
233,391.01,1
1110,1767.28,4
75,404.25,0
2253,6455.71,11
268,816.36,0
244,510.36,0
432,932.78,0
192,333.6,1
1258,4134.9,2
1050,2948.7000000000003,6
633,914.6700000000001,0
348,1362.67,2
200,344.0,0
22582,16449.68,17
798,1647.3,4
76,389.68,1
165,460.35,0
522,866.03,2
1388,2343.12,5
848,1678.06,0
73,234.75,1
5903,6714.89,11
33556,74679.11,53
228,582.08,1
312,622.74,4
75733,124091.99,25
19256,15433.22,15
555,682.17,1
274,232.89999999999998,2
1643,4659.56,7
406,1115.0,1
211,724.23,1
144,426.32,1
119513,288327.99,132
6510,24175.94,15
-2903,-1856.64,4
1135,3363.43,9
58087,146798.88,76
3954,4801.02,2
192,113.75999999999999,0
12,839.4000000000001,1
11732,32266.72,26
34793,72375.75,0
576,414.71999999999997,0
-1,-1598.67,1
870,1412.0,3
12912,23446.29,16
858,1351.08,2
1230,2680.02,3
300,216.0,1
461,1355.6200000000001,1
8557,13228.49,10
1764,1721.02,2
1348,2026.76,2
1900,7499.21,6
372,842.36,1
-2,-13.39,3
12304,66890.68,22
172,607.6800000000001,1
7292,10482.19,10
601,967.14,0
3976,5195.6,13
1545,5060.82,5
200,266.4,1
24,61.199999999999996,0
366,384.24,0
929,1555.3700000000001,0
562,1213.3600000000001,2
5537,9906.32,1
79,268.65,1
6628,7805.58,11
210,461.42,0
155,1317.5,1
873,509.25,2
84,153.0,0
2512,5410.99,4
38,173.3,0
135,512.35,1
2543,5398.45,2
17434,12956.9,1
6072,13346.44,14
7989,15282.7,8
1470,3082.82,3
9286,19001.95,1
1281,2547.56,3
10026,17087.27,15
425,554.27,0
296,700.0,2
100,688.6,1
507,3373.29,4
298,514.96,0
288,1425.6000000000001,0
8399,16681.28,19
2098,2647.1,0
517,1458.19,4
1768,5732.34,3
2059,4517.81,9
494,515.86,0
1925,3042.94,4
1766,3779.3,3
1971,3659.75,3
8415,10353.38,5
2037,3198.43,1
1941,2628.7799999999997,0
128,193.79999999999998,0
308,1259.3600000000001,1
12180,22736.06,14
0,0.0,2
217,561.47,3
3064,2756.48,1
939,1852.9099999999999,1
1621,2217.08,1
2201,5128.72,1
524,1729.56,1
188,174.35999999999999,0
499,707.0699999999999,0
96,139.2,1
4282,5965.18,12
8416,18879.22,10
750,1762.0,4
616,765.89,0
318,870.1,1
19106,31920.62,14
690,1170.21,1
68,132.0,1
381,802.19,1
327,230.78,0
14324,25607.420000000002,9
2796,3141.07,0
72,428.40000000000003,0
1870,3656.3300000000004,0
651,809.97,4
50,229.20000000000002,0
1566,489.59999999999997,0
476,1070.06,4
192,326.33,1
2844,5081.74,6
112,236.38,0
440,993.88,1
158,339.78000000000003,1
3567,5998.99,4
432,818.32,1
5839,9503.23,4
30648,40064.08,31
971,1614.0,0
1835,2596.51,4
1251,4055.71,8
4316,4810.85,7
938,2182.82,1
2048,22425.6,1
13649,16560.69,15
406,1034.8200000000002,2
2388,3925.31,3
10594,17365.670000000002,5
442,515.78,0
3385,5174.91,9
602,1504.41,0
5030,7172.12,8
5622,6597.05,7
192,163.2,1
539,564.48,0
382,318.14,1
124,84.6,0
31,218.33,1
715,2380.04,1
538,1942.32,0
30,88.5,1
1832,3458.6400000000003,4
2753,4770.4800000000005,0
19891,44439.21,9
300,602.26,1
158,435.9,0
500,895.0,0
132,420.0,0
6826,14144.3,17
-1,-355.2,1
1365,3138.18,0
2513,2080.69,2
302,750.4,2
844,1313.5900000000001,0
749,1494.5900000000001,0
327,1746.95,1
842,1949.63,2
2248,3575.21,5
1517,3178.48,6
116,299.29,1
920,1840.8,4
1238,2558.92,4
68,236.69,0
702,2048.51,1
5108,6296.0599999999995,7
726,1219.02,0
526,955.82,0
1997,2496.05,6
213,553.83,3
507,538.53,1
281,696.65,3
5492,5607.88,2
64,108.56,1
1255,1902.16,2
12540,0.0,0
38,186.5,3
1045,2672.46,2
1026,3015.65,8
332,2223.72,0
488,2592.6,0
505,1403.49,2
11819,20129.28,4
838,1849.18,1
3259,4240.79,0
14407,11856.76,11
7911,23495.05,25
6270,6025.34,0
14116,20607.94,14
1200,3540.0,1
311,308.4,0
177,540.87,0
245,351.65999999999997,0
457,1148.75,1
262,440.8,2
1545,3595.5,5
555,703.25,3
3023,3347.68,4
140,227.68,0
3852,5592.62,5
381,604.45,3
771,2599.44,1
420,856.6600000000001,2
157,518.45,0
4658,6741.77,2
579,1518.06,1
523,1132.07,7
721,1750.67,6
261,710.75,1
-1,-208.63,3
3402,8435.91,10
916,2254.08,4
1264,3022.33,7
1843,3261.47,1
1360,1969.21,8
1302,1519.91,5
4891,8010.68,4
264,990.0,0
864,3114.15,4
867,2799.39,3
650,1276.94,0
36,471.4,1
66,170.16,1
1286,2277.85,6
4879,8272.21,7
174,89.9,1
346,747.12,2
1953,3639.94,1
3205,2977.98,1
1733,3713.32,2
512,1254.74,0
87,275.25,1
5163,8066.99,10
853,1085.26,0
488,610.32,1
32415,24219.95,7
6184,13948.111,22
924,1697.76,0
20286,53334.700000000004,45
2638,4104.62,3
866,1297.7,0
179,306.48,0
269,1208.3500000000001,0
12143,30635.67,11
397,1075.6,0
310,772.38,1
11827,24501.48,15
1032,1951.68,0
5967,9975.28,11
3342,5808.9,3
102,523.9,1
242,470.46999999999997,0
1275,2021.99,3
7108,15214.62,3
-1,-955.06,1
819,1383.26,0
1934,3886.04,2
2491,5670.43,7
557,1561.03,0
18614,46457.5,5
509,1375.65,0
-8,-22.5,1
247,627.41,0
1759,4514.5,0
188,555.1,0
408,753.6,6
374,602.08,0
284,623.16,0
322,393.8,0
560,1949.35,0
265,811.99,0
586,658.2199999999999,0
-8,-80.6,1
924,1282.04,0
555,1382.75,0
626,1530.16,0
4023,7944.5,4
619,1018.7,0
661,1944.6100000000001,2
1858,3079.12,7
779,3725.65,2
4620,10422.86,5
2418,3503.22,1
0,0.0,0
2033,4578.05,1
144,56.160000000000004,0
642,1304.8,1
975,2038.53,3
634,1389.5600000000002,1
1206,2733.14,2
1929,5526.43,4
286,801.8000000000001,0
8090,15626.53,3
284,882.6,2
2574,4751.55,1
958,2136.94,0
1544,3082.46,4
-1,-756.4,1
1099,1117.01,0
72,94.8,1
10864,20295.74,8
1514,2558.83,4
576,610.5600000000001,1
8249,14663.67,6
460,883.92,0
1108,1855.88,2
255,388.04,1
1256,2200.68,1
627,1432.6299999999999,0
244,581.88,0
8,119.6,0
116,144.24,1
1187,2504.41,6
9575,12560.84,14
2924,2039.25,2
1068,2848.63,0
2799,6745.25,7
623,1530.14,1
272,628.8,3
672,751.77,2
-1,-1834.14,1
2032,3291.26,3
224,582.0,2
160,346.24,0
1511,2505.232,6
918,1550.1,3
3218,4192.41,6
60389,116506.642,57
-1,-525.65,1
2154,3756.3,5
212,706.45,0
358,1026.7,1
687,590.36,8
5598,4730.54,4
1255,1801.95,5
352,1675.6000000000001,1
903,3063.98,5
13381,23217.52,16
535,502.82,0
180,314.7,0
5448,8808.55,8
2484,5064.7,0
305,483.95,1
1078,988.32,2
4617,7348.780000000001,5
9856,18530.010000000002,12
1411,1679.33,3
689,946.89,2
2944,1975.98,0
1013,1330.15,0
3026,7489.12,7
482,1035.78,2
475,2322.71,5
3498,6735.120000000001,3
5050,9211.49,2
107,456.68,0
2592,7165.12,0
30,139.5,1
1839,1832.66,2
933,2083.25,10
1072,1465.58,1
276,841.46,3
1667,2691.67,7
644,1127.51,2
456,954.8,1
5546,7971.03,18
1175,2366.31,0
7770,17048.7,11
536,772.24,0
8091,8298.52,8
10955,15137.77,7
16,1599.4,1
634,1538.8999999999999,3
457,621.5400000000001,1
2036,7049.74,8
1342,3359.9900000000002,0
189,295.40999999999997,4
14277,27676.93,2
1759,2018.6499999999999,2
440,327.8,0
6417,9330.25,5
1235,2175.48,4
-1,-158.65,1
2789,5921.62,6
1066,3265.8199999999997,2
1359,2441.8,5
936,1788.88,0
12274,31285.65,49
92,136.4,1
140,231.0,0
2885,4902.16,0
567,1251.6100000000001,2
1848,5369.24,7
668,1488.0,2
1974,3183.02,0
1644,4904.17,3
4494,7039.86,5
2293,4582.07,7
1258,1453.74,4
768,1475.0,2
3726,7765.67,7
278,548.22,1
196,160.62,0
463,2001.93,3
3450,6008.1900000000005,14
1353,2269.61,0
840,2397.78,2
15812,35303.33,13
760,690.72,0
46,366.09999999999997,1
4774,9895.56,18
790,2802.34,0
535,944.31,0
379,590.2900000000001,0
5157,10671.81,9
614,1397.6200000000001,0
1242,2930.2000000000003,6
644,579.28,1
3420,2884.6,0
1496,2740.12,1
2894,7000.7,3
1130,2227.32,3
2225,3657.86,11
340,721.99,0
4151,8966.06,0
2114,3164.55,6
2811,4588.47,0
408,638.47,1
2798,2457.16,1
6223,9742.02,12
174,774.58,2
747,1461.13,3
744,1834.91,3
772,2166.6,3
1739,3111.82,2
1896,2893.42,1
2570,3985.3,0
646,1209.32,0
225,636.47,1
6963,15650.28,8
1206,1891.79,0
82,224.3,0
4540,9999.75,2
734,1674.3000000000002,0
1166,1793.54,0
3372,1807.5,4
5341,9946.41,6
-16,-40.0,1
137,556.51,0
596,939.2,1
1380,4598.61,5
192,299.06,0
365,555.29,0
7954,16505.27,17
30,268.5,1
4686,6623.0,0
719,1536.75,2
1984,7995.78,5
1471,3686.57,5
386,1428.16,3
796,2063.4,3
2053,10921.9,18
1052,4764.58,2
692,1722.2,5
577,710.57,3
1111,2115.7,2
164,356.97,1
894,1633.25,1
975,2299.53,1
774,609.66,1
96,620.4,1
5068,16874.94,16
454,1271.84,1
1104,3153.9900000000002,10
9057,18634.27,12
292,567.12,2
4133,5654.3,14
567,1164.92,0
1800,4950.0,2
142,354.22,0
2472,4182.91,10
3909,13095.83,5
359,1267.22,0
20067,39941.94,50
613,865.97,1
2447,3488.93,3
1207,2016.96,5
130,365.25,0
879,1916.2,3
376,565.84,0
7359,11283.36,14
761,2106.7000000000003,0
1174,1613.29,4
595,897.55,1
651,1159.69,0
8110,21166.91,13
3583,7659.58,9
208,263.90999999999997,1
1569,3023.25,5
87,253.65,1
256,639.14,1
324,696.26,2
2216,2827.521,1
467,658.74,4
2841,1426.11,4
56,219.31,1
1566,3009.0,3
4446,4220.2,0
648,2701.23,4
10730,14215.85,14
1949,5874.17,5
196,750.8199999999999,0
4974,13880.57,10
845,1327.02,2
804,2056.86,3
581,1142.63,0
479,865.09,3
914,1730.54,4
12642,20510.7,21
1112,1101.12,1
1720,2174.55,2
1185,2385.03,3
271,330.11,0
538,1578.46,2
783,1073.48,2
567,569.78,0
839,2174.26,2
219,428.45,1
28,278.0,1
1864,5042.54,8
3780,6916.27,10
1050,2030.65,2
846,2329.52,5
1567,5044.95,2
6534,14786.01,10
366,651.5,2
1189,2331.91,6
470,305.82,0
175,528.93,2
133,204.79000000000002,1
732,399.71999999999997,0
771,1409.03,2
1754,4914.85,8
1269,743.55,2
249,623.79,1
688,1554.62,2
3043,4289.93,3
224,851.6400000000001,1
20709,36014.43,8
2115,3151.07,0
1581,9693.53,0
3187,8330.2,4
-1,-306.66,1
4169,11983.89,12
3728,6243.22,5
1024,1829.45,0
826,1662.71,0
160,254.52,0
1950,2960.52,1
408,1530.0,1
2613,1989.22,7
430,933.09,4
2080,5466.2,12
3306,4413.12,0
426,727.5,0
182,762.85,3
3382,6931.54,4
1959,3658.77,11
1688,3651.21,5
3753,7704.95,9
104,392.3,2
3154,5666.16,3
134,274.9,1
9011,12993.53,5
2129,4602.2300000000005,6
1813,2583.47,5
336,615.18,0
4430,13326.57,6
4846,10571.97,14
211,603.0,2
313,792.3100000000001,1
2057,4124.41,10
1631,4196.89,5
-3,-39.42,1
2991,3461.95,3
121,240.15,2
279,544.69,0
12258,29801.69,18
586,751.5,1
564,786.24,0
245,486.7,1
215,567.5,1
230,840.8100000000001,0
138,265.24,2
910,1346.38,0
92,256.2,3
397,1198.21,2
1844,496.44,0
248,715.72,3
13220,29481.0,8
656,1542.1000000000001,0
30,144.5,0
396,634.2,1
419,1200.47,4
6792,4000.54,0
681,734.76,2
166534,23218.56,1
240,849.0,1
1532,2669.0,1
102,367.9,0
226,414.87,1
3894,5555.41,3
1774,4898.37,11
355193,403659.68,105
3323,5426.57,1
1230,5738.1,4
382,356.08,0
647,1041.04,2
518,2033.38,2
4903,4777.6900000000005,4
162,309.3,2
166,305.94,1
30,298.5,2
2882,4261.08,0
2050,5156.56,5
508,1259.8,1
4590,7309.48,3
580,627.34,0
6988,13538.24,5
592,763.6800000000001,2
1704,3929.2200000000003,13
1701,1241.47,1
635,1625.1000000000001,3
113,421.9,1
10323,18341.87,14
262,247.95999999999998,0
3477,3218.17,4
346,789.5,0
2911,5355.15,6
665,1289.55,0
778,1097.32,1
5931,13043.470000000001,7
1518,2889.85,5
352,587.48,1
1517,4820.59,0
1720,1880.0,0
806,2520.64,7
2294,6680.24,10
803,1758.43,5
1052,1731.52,0
509,1239.74,0
715,779.53,0
617,1137.6100000000001,3
464,10237.330000000002,6
7559,20192.59,14
3037,5956.28,9
247,889.6,0
443,911.64,1
170,577.5,1
2123,3764.41,4
313,937.6,0
2166,6422.78,0
2530,2062.9,0
2070,2239.59,0
1985,1422.35,2
196,478.24,1
156,697.8,2
2674,5625.5599999999995,5
-16,-28.0,1
2576,7033.3,8
539,931.1,0
1713,3273.71,1
2712,3878.41,3
885,1378.45,1
2433,4242.19,0
11195,20214.510000000002,11
95,374.85,1
11537,21352.5,14
497,1161.47,0
1524,5223.23,4
2035,4038.75,4
6552,4927.4400000000005,4
5568,8346.83,3
3872,5719.42,3
469,767.301,1
249,410.07,1
29611,79950.53,48
876,1881.64,8
7685,18018.58,14
797,1396.16,4
6464,12727.42,5
2748,6652.13,6
298,542.74,2
412,685.6,0
791,1913.91,1
-8,-426.41,8
54479,120678.51,42
902,2232.1,4
129,416.67,1
678,1172.92,1
622,1640.01,3
1331,4038.93,8
6814,2924.22,4
3867,6913.89,4
411,1610.89,4
4333,9302.12,8
2043,2442.17,7
2,7.5,1
358,344.46,1
862,454.58,0
1544,1862.84,0
268,727.7,1
94,169.5,1
134,312.86,1
1879,1379.65,4
410,613.7,1
1169,2922.79,4
109678,198205.2,63
2775,4048.31,11
1701,3590.38,2
270,535.2,0
32466,67880.5,18
1390,2731.48,3
2940,5835.68,2
3176,1697.44,0
135,562.97,0
367,1193.15,4
1536,3466.14,0
474,1412.6,2
520,1603.3,0
71,663.75,0
632,1056.08,0
2873,6025.21,7
2495,4674.13,2
10506,15806.98,5
410,1055.8400000000001,0
386,770.28,0
74,89.78,1
4195,5691.25,4
640,1600.3,5
898,2705.82,5
1221,1320.06,0
3788,8790.06,6
3037,7297.97,9
391,577.19,2
170,573.2,0
287,829.6,0
413,451.59000000000003,0
0,0.0,1
103,397.85,2
8476,23451.899999999998,15
772,1228.25,1
557,2007.67,1
487,769.63,3
989,2160.34,4
769,1555.59,3
336,513.75,0
1466,3958.79,7
53,297.75,1
614,1196.75,1
100,85.0,0
5373,11280.97,11
283,734.85,1
386,829.24,0
308,594.84,0
1168,2118.34,1
192,651.56,1
10300,3385.0,6
3584,7519.09,4
1711,2872.15,0
4368,8563.18,6
159,376.45000000000005,2
594,2921.44,0
9362,38119.25,17
1221,2842.71,5
3048,2872.52,10
1741,2282.62,7
125,374.17,0
464,1975.42,1
910,1990.05,0
402,545.3,3
3389,5002.96,1
872,2236.71,4
384,1324.8000000000002,1
432,1372.56,0
140,348.76,0
1078,2125.84,0
2273,3667.25,0
8571,16877.82,6
6309,11600.51,8
7375,17818.88,7
705,2088.73,6
972,2264.66,5
2382,6065.349999999999,9
5823,9987.07,9
52,216.1,0
863,859.25,4
1994,5223.81,3
408,710.7,1
4812,8811.81,5
70997,111140.91,29
1868,2137.78,0
6929,14071.45,17
1755,4238.66,8
311,941.85,0
194,449.26,0
198,489.92,0
1886,4582.54,5
1798,3636.5800000000004,7
3168,6459.4400000000005,8
875,1663.77,3
5721,2177.65,2
458,2626.9,0
583,1043.19,0
4008,8958.82,3
316,820.0,1
1481,2245.64,2
808,1165.52,1
306,1031.46,0
2021,3661.62,4
6386,10973.380000000001,15
465374,64498.02,8
198,353.1,1
512,565.14,0
291,669.52,3
100,42.0,1
80,162.0,1
2759,4396.71,0
760,624.04,2
-1,-127.66,1
7631,7884.97,13
41,183.15,1
34,174.46,1
781,1232.25,0
-12,-107.4,2
1368,2946.96,5
428,485.56,0
2202,2302.86,0
2078,2486.5299999999997,2
3345,3463.58,5
408,1369.5,5
730,1409.65,4
289,559.19,0
2375,2993.85,0
521,1092.35,0
256,530.5500000000001,0
898,1549.02,2
288,1012.88,0
2806,8155.219999999999,11
386,500.14,0
6778,11343.44,9
125,639.85,0
380,1096.56,0
691,1763.45,0
4828,14929.72,3
1249,1943.95,2
969,1481.43,2
112,126.55999999999999,0
3160,3201.04,6
844,1484.22,0
15229,22041.11,12
1000,320.0,1
214,654.8,1
314,503.73,1
921,2037.3700000000001,2
8084,4843.29,4
76,161.39999999999998,0
405,853.83,4
4535,5035.15,0
873,1934.65,0
991,1743.23,0
12152,29018.301,14
5374,7092.36,5
205,616.37,0
763,1470.48,1
968,2279.02,0
396,1298.78,3
4665,9160.31,12
1243,2035.67,3
350,484.32,0
386,906.5,2
259,755.69,1
3697,6267.75,15
395,841.29,3
854,1598.82,5
1284,775.84,1
130,337.5,1
294,179.22,1
13658,26815.66,20
1137,2106.51,2
6180,10112.800000000001,7
506,402.06,0
182,530.25,0
642,1236.1,3
7399,10025.16,7
887,2490.39,3
535,1106.97,1
683,464.81,0
4652,6833.83,10
1018,1606.21,8
497,734.89,2
6435,11757.93,9
8033,16837.08,18
1822,2694.4,8
10281,21679.23,8
1938,1060.82,0
1021,1610.73,2
6447,9085.53,2
3933,3740.05,3
444,694.24,0
2108,1577.28,0
296,446.2,2
5307,19370.23,12
1678,4624.92,0
4628,7839.400000000001,12
992,1619.6200000000001,2
397,955.46,3
519,1497.15,3
9925,21057.69,21
4398,4366.02,6
3612,8894.22,7
1434,962.2,0
282,506.58,1
6207,12514.11,4
4501,7081.8,0
3679,4279.25,4
42,244.84,1
578,955.8,2
1672,2187.38,1
243,498.04999999999995,3
1248,870.22,3
260,577.8,0
1605,2119.19,3
4098,4556.12,2
642,1757.58,0
11444,26595.21,8
182,557.4000000000001,1
506,992.9200000000001,1
1479,2132.65,0
1267,2721.01,3
1580,4012.04,4
1201,1728.1200000000001,1
566,1094.94,0
591,1657.47,1
4408,11340.36,10
743,1233.73,2
102,169.62,0
6239,5437.5,5
238,728.0600000000001,0
8056,17675.55,16
35764,101220.27,35
8129,11093.11,8
1152,218.88,1
629,912.97,0
3409,7517.64,6
636,1576.65,0
1194,1492.04,5
3161,6119.66,4
358,456.02,1
11665,34988.86,27
177,315.83,0
278,760.68,1
277,517.43,3
4077,6507.86,7
10813,23319.71,16
763,254.74,0
3802,10375.87,14
824,1418.19,2
15734,24170.9,12
955,1161.84,0
13106,61040.18,17
325,947.14,1
680,807.6,2
124,184.92,0
1450,3155.38,2
7577,15597.49,0
12141,17655.39,5
457,906.89,2
160,262.8,0
18953,23177.68,14
217,1515.03,3
34140,68366.26000000001,15
5866,6200.1,13
5254,5769.86,14
1249,2055.81,4
72,238.8,0
582,709.53,0
1044,3514.9900000000002,4
153,649.0,2
167,686.5,1
1468,2220.67,0
162,924.3000000000001,1
354,406.9,0
364,341.4,1
2937,3800.95,3
108,195.32,0
963,1805.1200000000001,1
1465,4329.69,4
545,1471.19,1
655,2417.76,5
7292,12207.93,13
436,791.07,1
2269,2762.6,3
490,300.5,1
13134,20913.28,16
3,119.85000000000001,1
1160,1457.59,3
32426,139515.09,6
141,201.45,0
144,152.64000000000001,0
6440,20776.12,2
7175,15663.26,11
508,640.2,0
301,568.3100000000001,2
2,5.9,1
29178,124218.88,0
645,920.5,2
112,161.57999999999998,0
7428,12271.25,10
125,429.15000000000003,0
18739,18543.01,8
2002,2759.73,0
5,0.0,1
1117,1512.23,3
7133,11370.94,7
72,644.4,1
6860,9920.17,5
1049,1673.72,2
168,291.6,0
14033,32395.14,22
830,1593.4,0
7287,11979.0,15
6287,12323.0,23
1340,2628.64,5
893,1493.71,2
1272,2664.73,0
144,180.0,0
217,892.85,1
365,352.25,2
-12,-71.4,1
3232,4791.51,0
304,970.16,5
507,1135.21,1
3232,692.84,0
2848,5166.93,0
1190,1796.1200000000001,1
1834,4223.42,3
1738,2072.9,2
2426,5052.46,4
2553,4287.36,3
207,353.61,1
5414,5926.29,0
806,2011.94,1
14669,29614.91,15
16891,17459.41,12
2205,3338.78,7
556,436.48,2
1019,1779.0900000000001,0
1748,1976.22,3
1248,1507.96,0
887,2137.05,0
1668,2119.54,4
72,270.4,0
12,30.599999999999998,1
3106,14597.1,3
9029,15455.78,7
2131,5935.1,9
460,2430.2400000000002,1
241,506.67,0
812,1333.4,0
705,1192.6,3
3259,3679.2200000000003,6
558,404.4,1
5625,12870.5,8
43,225.85000000000002,0
332775,718926.0,138
894,1703.9,3
1163,723.5,0
12383,15778.73,11
9644,18014.96,7
3233,6746.37,5
454,752.4399999999999,0
1365,4281.27,1
2562,4298.82,0
122,265.96,0
180,524.9,2
1016,4019.83,4
377,960.7,3
419,1293.1100000000001,2
508,1127.07,3
356,902.0600000000001,1
198,885.36,4
509,1324.29,3
149,226.91,0
6268,17569.45,10
709,2078.17,2
2427,5555.88,9
2400,3020.41,0
662,1384.39,0
1864,13678.83,12
255,728.0,2
369,1540.96,5
136,702.4,2
244,878.64,0
10,547.55,0
3119,3313.66,5
108,334.6,1
2795,5136.860000000001,0
8118,11185.800000000001,2
4,159.8,1
7010,9382.68,3
478,666.42,1
1452,2842.58,1
19790,41566.08,22
3828,4761.24,7
464,1168.52,0
321,952.65,1
1227,3707.4,6
719,4708.65,5
269,794.75,1
1510,2287.7,3
293,1538.77,3
153,641.53,1
1049,2240.28,3
2170,5588.9,9
1502,2048.13,3
96,417.6,1
1029,1102.76,1
3920,12026.28,12
5914,15894.33,15
5617,10101.380000000001,13
2914,3327.62,1
-444,-2332.2,2
1203,1815.14,0
4119,6693.87,4
1379,4637.52,2
2320,7019.650000000001,11
224,299.18,0
681,1452.43,2
1171,3182.57,2
6688,11962.94,9
1289,1462.87,0
1128,2419.08,0
1588,4213.99,5
2439,4373.31,5
3600,6518.12,2
8103,13982.98,7
539,1494.07,3
1818,6315.36,6
584,3219.48,3
1157,2441.29,1
3483,3816.54,0
2704,5832.88,5
1684,1307.95,0
6282,10429.33,4
2247,6742.37,6
612,1348.32,3
397,953.79,2
3560,9679.560000000001,11
1377,2642.07,1
370,533.5,1
333,800.75,0
7631,16304.93,10
1215,594.15,2
1764,3262.15,0
1285,2888.89,0
822,1950.28,5
1143,1900.02,2
5605,14537.391,12
2260,3743.48,0
3530,6165.54,0
239,760.05,1
207,852.75,2
675,1862.11,1
-2,-1441.6,4
2228,5216.6,6
6177,11602.68,4
38898,78743.81999999999,22
134,261.9,0
925,1638.03,3
841,2382.98,0
3038,4798.99,0
347,659.21,1
1129,3256.46,6
1490,2868.3,2
48,81.12,1
899,3497.09,2
244,578.2,1
147,360.33,2
326,1167.3,0
267,436.33000000000004,1
1666,1494.49,2
607,1314.1200000000001,0
346,507.9,1
1923,4671.889999999999,6
2511,3927.13,8
3432,8299.16,10
267,731.91,1
92,383.72,2
109,259.83,0
97,581.15,1
11541,17334.75,12
917,1239.85,4
1043,2643.14,1
2298,8246.11,5
14479,14660.95,7
422,291.36,0
286,862.5,0
718,2250.48,0
3509,9560.77,8
11119,14895.98,13
7568,25916.98,13
2975,6377.27,7
574,1200.38,1
2609,7683.1900000000005,6
589,939.2,3
1497,2084.57,0
183806,182563.97,39
14828,35106.74,25
42,59.7,0
3877,4384.33,5
669,1617.2500000000002,3
452,539.1999999999999,2
1369,3575.37,3
2049,3514.43,0
4358,7532.08,4
6180,10064.75,6
-1,-849.45,5
5465,9415.35,2
492,1012.4,1
488,1086.1200000000001,1
3516,6251.3,5
-1,-302.31,1
460,436.12,2
2502,6479.04,3
7110,2444.1,6
473,840.24,0
312,325.14,1
755,1059.45,2
1390,3011.42,4
5605,3605.71,3
458,1295.1,6
484,1226.26,0
904,1384.32,2
520,443.08000000000004,1
983,1841.55,2
2875,4541.2,5
-1,-445.06,3
10539,20670.28,14
229,483.61,1
385,803.01,0
1780,4102.5,2
88,591.6,0
6262,10239.16,5
613,719.72,0
3271,3155.87,0
-1100,-1265.48,1
1092,2178.6,1
620,1038.96,1
128,304.8,0
5769,9211.52,11
1201,2780.0,3
1201,2231.79,4
4181,8822.810000000001,14
54,125.97999999999999,0
3284,4327.29,3
96,208.4,1
463,985.89,0
189,333.13,0
1110,2252.58,2
48,204.0,0
1085,2476.17,0
755,1002.4399999999999,2
480,455.28,0
1161,1715.07,3
503,1108.99,0
241,356.64,0
669,848.88,3
544,1504.17,0
2056,3865.46,0
557,476.46999999999997,1
161,346.83,0
301,520.79,2
3883,8357.59,0
1041,1254.31,2
80,680.0,1
9189,20827.37,0
64,280.8,0
452,871.72,2
555,2348.41,9
56,141.6,0
808,2747.28,3
46,172.9,0
58,337.8,1
1469,2693.67,2
109,488.82000000000005,1
478,1486.1,0
117,330.45,1
1247,2321.21,2
2,-1.8100000000000023,2
774,1069.93,1
2989,2220.56,2
1755,2824.0099999999998,0
70,136.5,1
220,296.16,0
114,343.0,0
1872,3996.31,0
8825,15371.32,12
2427,3545.41,6
5613,12234.47,7
264,214.79999999999998,1
256,605.6999999999999,1
24,122.60000000000001,0
124,219.8,1
8371,16977.3,13
2198,5098.18,6
2868,3836.3,0
525,1598.15,2
2255,5131.33,9
3050,3168.09,3
12104,13810.99,11
456,550.8,1
1414,3384.62,4
3251,6547.65,9
220,429.0,1
223,445.75,0
2934,4934.9400000000005,0
7770,14000.86,4
4814,7286.83,6
2258,4736.75,2
400,2198.8,0
2707,2882.27,1
492,1820.28,3
5935,4483.79,1
12991,27365.83,14
1648,2743.36,0
1206,1179.15,1
2802,3434.63,0
837,2082.67,1
2000,2954.23,5
2985,6482.6,5
12538,21428.8,15
1571,3813.91,3
48,322.08,0
643,1256.33,5
12009,22424.760000000002,11
929,2233.18,2
858,2747.61,0
512,884.26,1
652,1850.2000000000003,5
3197,7781.59,3
3789,4484.52,0
264,575.7,1
448,1939.2,0
606,158.45999999999998,1
466,466.84000000000003,1
1021,2118.5,6
192,313.4,0
4996,23116.22,4
4744,16667.18,11
3428,12626.710000000001,10
2734,10676.02,7
2640,4527.39,4
318,295.36,1
172,450.2,1
1987,2437.17,1
1659,3476.51,1
242,856.45,0
3152,4612.91,5
1025,2072.37,4
3485,7168.16,16
599,1540.14,2
81,216.94,0
906,2338.28,6
1374,1159.23,5
4948,5433.47,0
116,152.28,0
488,363.17,1
4572,11365.441,2
2813,1503.98,8
5817,13370.73,11
2125,4947.42,1
651,3796.89,1
113,187.35,2
4834,9527.050000000001,8
5396,14113.4,7
2620,5053.88,8
302,406.34,1
2289,5047.31,4
492,1333.82,1
390,923.7,2
2557,4618.82,1
196,697.7,0
772,2336.27,1
1225,2347.27,1
205,396.25,0
2552,4504.12,5
2038,2594.2400000000002,4
1273,2759.89,3
1528,2821.2200000000003,4
3489,4622.25,4
8139,11640.37,8
432,609.5,1
1370,2068.78,3
120,271.52,0
140,273.0,2
1471,3172.39,3
1794,2495.37,0
2068,3206.96,3
2345,3047.17,2
425,1057.73,1
1515,3642.9300000000003,10
5784,9811.22,7
312,621.12,2
202,479.2,2
1741,5464.49,9
576,1231.34,1
4282,7758.35,5
2538,4704.64,7
270,1273.5,0
284,505.28000000000003,0
2526,4770.27,0
4177,7560.31,0
655,1432.82,0
10769,25330.74,16
2120,7269.03,3
2874,6690.57,7
675,1999.6000000000001,4
79,278.47,1
1439,1696.23,4
1447,2486.56,0
1489,2583.69,5
1453,1860.71,3
4825,9671.53,7
3664,7775.28,9
154,329.15,1
154,735.5,0
685,362.12,0
164,423.09,2
588,1115.4,0
425,301.27,2
1782,3527.84,4
326,381.15000000000003,0
2616,6344.91,4
11069,21284.86,8
361,597.15,1
15100,62794.41,108
562,650.0,0
626,1117.2,0
5796,12699.3,13
456,813.58,1
2625,9922.23,8
9468,7233.68,6
5276,12764.07,13
6483,13252.81,7
119,734.65,0
518,1465.38,2
794,4417.66,3
591,822.01,0
3235,7746.53,9
2878,7022.02,6
56,313.6,0
4827,30207.55,29
4738,5853.43,1
551,929.5,1
5341,11550.36,11
5285,8869.08,0
3955,10430.619999999999,7
867,2384.84,3
1448,2621.39,2
951,1755.31,7
552,1191.27,2
2248,4774.08,5
3260,5512.01,0
1996,5323.52,5
771,2105.25,3
0,0.0,0
282,1322.7,5
180,181.79999999999998,1
7554,14571.81,22
1890,1886.18,0
4669,13042.56,8
1106,1638.29,2
2782,5363.76,5
4354,8623.2,1
5450,9246.5,3
872,3522.32,0
1327,2100.4,2
420,967.16,3
774,1057.21,1
103,287.8,1
6742,14148.43,5
1777,5970.51,5
168,417.5,1
341,929.95,1
24,70.80000000000001,1
1154,2694.4,3
256,221.58,0
110,237.7,1
3,14.850000000000001,1
483,959.87,1
106,169.22,0
2324,3846.86,3
1852,3602.79,4
1303,2313.27,4
434,214.68,0
1710,4110.94,0
123,322.71999999999997,1
30,238.5,1
2294,8434.54,28
2144,2608.37,0
707,948.17,0
3540,7023.13,15
597,1327.23,1
2622,5063.900000000001,2
162,477.08000000000004,1
2325,3514.3399999999997,4
324,407.90999999999997,2
626,1109.82,2
1020,1946.72,1
288,317.88,0
171,472.33,1
800,1320.0,0
154,242.66,1
998,3133.56,4
29541,62789.49,135
23877,42771.57,10
1342,4470.33,8
16320,2019.6,7
40,52.1,2
1088,1218.29,3
312,2258.0,1
144,152.64000000000001,1
328,704.78,1
1076,2613.16,6
722,2934.02,2
229,588.19,2
1216,2434.5,6
1405,3257.42,1
366,843.0400000000001,0
2746,5345.38,10
298,758.7800000000001,0
2057,3951.92,6
1191,1350.19,4
4502,9481.56,14
6581,14693.78,8
555,817.95,2
2311,5047.74,3
765,1900.68,0
182,590.1,1
2415,3903.81,4
266,342.38,0
202,736.7,0
3700,3845.04,7
324,573.56,1
531,1174.55,0
176,203.27999999999997,1
262,662.1800000000001,0
4832,10764.66,3
2866,7402.63,8
156,217.56,0
156,212.04000000000002,0
2880,4072.02,3
1445,7441.37,8
1021,1774.33,2
718064,1179548.82,87
347,1019.0500000000001,1
6285,9840.27,19
4338,8669.97,7
55,155.25,1
1636,4447.57,7
68,177.11,0
3741,6987.92,5
417,403.77,1
4815,8114.77,7
636,1825.28,3
1495,2692.88,2
100,555.43,0
2264,5290.63,0
355,510.45,0
60,138.8,0
1863,2808.1,3
737,923.43,2
749,1021.04,0
2430,5420.95,2
209,257.84999999999997,0
26553,48189.15,36
94,319.46,1
3930,6627.52,4
718,1148.91,1
901,1748.95,2
952,2163.79,2
3668,6547.78,3
235,418.34,1
1370,2098.06,1
14245,15455.14,8
250,395.90000000000003,1
430,926.1,2
1558,2836.2799999999997,5
68551,153848.03,65
410,2430.75,3
1754,2893.42,4
766,297.99,1
1847,2758.17,1
4436,10869.630000000001,13
864,1677.7,6
1617,3472.93,2
9149,14999.45,8
131,222.65,0
859,2085.33,2
1305,4398.47,0
2223,3714.0099999999998,8
956,5229.08,7
472,450.76,1
1094,2791.8,4
4137,4997.64,3
282,394.34,0
1018,2129.88,0
965,1528.81,3
3271,6601.22,2
3193,8841.0,6
5708,13291.97,15
251,441.37,0
2344,3602.39,2
100,179.0,0
426,730.18,1
96,139.2,2
4067,4780.93,3
8080,18623.22,13
2126,3944.17,9
2203,5659.57,0
518,1848.3200000000002,1
7176,11229.43,14
945,1644.75,6
2048,3777.19,4
1025,964.41,1
68,187.1,2
403,435.36999999999995,1
1681,2936.44,0
404,1254.6200000000001,0
113,230.22,1
389,991.64,2
2728,4521.150000000001,7
375,722.95,1
2261,2152.23,4
177,223.95,1
160,449.94,3
114,298.2,1
1002,1824.59,3
1972,3936.69,0
458,710.85,0
4845,12033.87,14
14892,40176.07,4
844,2653.82,5
8834,24245.86,25
338,768.7,2
2313,8754.27,1
2309,5001.3,3
15963,22612.49,21
4402,8425.52,9
1987,3637.63,2
924,1462.55,1
64,90.56,1
5652,9438.92,9
4526,5928.16,11
692,1043.4,4
147,596.45,0
4092,5138.0,12
705,587.0500000000001,1
133,242.67,1
155,394.35,2
420,658.4399999999999,0
788,1474.99,1
1870,3169.06,5
10374,25610.07,18
3253,5963.21,3
386,907.6800000000001,0
1770,6143.51,3
1092,3355.0,0
108,243.0,0
508,1081.04,1
754,683.29,1
-2,-19.9,1
288,438.8,0
365,535.2,0
7949,13324.0,9
229,787.03,1
92,421.80000000000007,0
19712,31327.97,11
3275,9047.95,7
984,999.8,3
124,314.56,0
80,245.4,2
162,485.5,1
2564,2366.52,1
6055,4660.25,6
429,512.89,2
448,1074.66,0
149,693.3,0
622,995.28,0
-1,-530.31,1
212,349.8,0
495,752.21,2
745,977.15,1
84,77.4,0
208,172.56,1
111,177.05,1
1263,1877.92,1
212,486.84000000000003,0
5814,4936.78,6
280,665.08,1
0,0.0,0
658,1209.76,1
1386,3664.45,4
48,377.90000000000003,0
15088,24203.33,14
229,848.57,1
1001,1387.69,6
916,771.9,1
12489,13213.6,8
269,273.01,0
-2,-1502.98,6
836,2858.37,0
276,949.64,0
803,2251.71,3
1056,677.06,1
543,1290.73,2
3495,4228.0199999999995,0
419,1134.5700000000002,2
2681,5586.36,3
133,315.0,1
213,391.35,1
972,2212.77,4
174,320.56,1
1187,1440.45,0
16,702.45,0
4564,7893.22,7
993,2414.36,3
328,1399.2,2
1431,2595.65,5
983,2656.45,7
202,344.6,1
163,668.18,0
4123,8370.86,8
6409,10957.81,16
306,849.3000000000001,2
5,0.0,1
18180,19268.4,11
2088,3112.58,4
319,438.63,0
1847,4189.29,7
-1,-274.63,3
76,125.1,1
2512,5919.25,1
356,586.1999999999999,3
55,135.45,0
6822,7719.36,7
707,1562.0900000000001,2
1933,1921.82,3
266,631.94,2
8198,15472.56,8
2095,4869.05,0
240,393.59999999999997,1
11443,18826.91,8
2400,600.0,1
331,642.0,2
1583,3912.0499999999997,3
496,645.96,1
20725,32949.86,25
2767,3254.01,8
1120,1541.5800000000002,1
8165,13014.08,15
1033,7164.33,4
5577,8389.78,6
7667,15610.26,5
1363,2468.73,0
3911,7568.211,7
180,322.8,1
2283,4355.93,1
396,345.24,0
2063,2520.82,13
1266,1339.1,0
228,438.84,0
-51,-146.25,1
708,314.76,3
17718,40613.92,8
2183,6648.85,16
4381,8099.7300000000005,4
3922,6187.28,6
1470,5109.6,8
880,2691.36,5
876,1380.78,4
645,1990.79,1
262,170.48000000000002,1
2790,5949.88,2
422,870.5,2
296,824.35,2
4727,8419.42,19
347,378.45,1
640,1371.26,0
464,405.52,0
2217,5636.3,13
1597,1631.62,0
172,286.0,1
3220,3430.44,3
282,613.9,0
2600,4440.0,0
306,605.7,0
126,235.8,0
1080,1472.41,2
1498,2228.31,2
154,424.70000000000005,1
1799,3550.07,4
1294,3425.66,4
21405,56259.2,24
2347,4564.47,9
2246,6064.7,5
4108,7258.84,12
1068,2893.39,1
144,41.75999999999999,1
2225,4847.1,6
1558,2344.9,3
2883,5691.92,0
3586,2545.59,2
3299,6956.13,7
-1,-66.98,3
5611,13422.45,14
272,672.6,1
1773,3201.67,5
326,607.05,0
279594,598047.74,270
3245,2369.44,8
7219,8075.17,4
-3,-5.85,1
1286,3297.44,10
5009,7047.77,6
1484,1869.32,2
6247,16375.25,7
235,599.25,1
1863,3785.96,1
1455,2039.27,0
743,1816.75,2
803,1276.37,0
731,2114.81,2
-1,-7.95,1
567,1012.9499999999999,3
338,647.9,1
493,403.14000000000004,2
930,1823.0,1
4564,11065.24,6
710,1710.82,0
750,2420.32,2
900,2655.0,5
3490,6660.68,6
3202,4708.94,1
12705,32722.02,5
1233,4325.85,0
2984,4927.58,4
-1,-934.66,1
945,1276.79,2
238,581.4,1
1396,3168.17,5
144,215.6,1
10789,22709.31,10
420,466.2,1
44,201.8,0
640,1800.58,4
975,1832.07,0
854,1773.92,6
347,798.77,0
462,728.74,0
12938,40555.9,29
2002,2029.97,4
642,1305.1299999999999,1
135,291.82,1
5625,2981.25,1
195,541.12,1
452,2020.76,3
861,1270.53,0
524,611.6,0
17863,37064.49,16
233,758.47,3
5451,7347.28,8
181,339.81,0
716,1336.43,0
1842,1980.02,5
1866,5127.88,6
495,1040.11,1
970,1599.06,1
1754,9435.17,12
997,1925.67,0
94,429.09000000000003,1
672,3091.09,0
80,199.57,0
750,711.3399999999999,1
525,1703.7,0
46,83.66,1
1810,8899.4,7
548,1247.74,1
257,448.01,1
351,480.08,2
233,415.78999999999996,1
142,331.3,1
1245,4464.13,4
464,524.53,0
727,1259.29,2
2497,6380.95,8
2645,4530.32,6
316,615.4,1
181,517.52,2
482,529.68,1
251,399.05,1
38,74.62,1
1012,1965.98,8
235,587.61,0
782,846.75,2
2206,1358.1799999999998,1
656,1801.47,2
242,330.42,1
420,954.0600000000001,0
119,420.56,2
5375,10507.300000000001,6
1134,2256.03,7
976,2389.73,0
17690,30825.66,42
710,1438.66,1
130,332.86,0
2468,593.6,2
1259,2629.46,0
301,607.1700000000001,0
803,1137.25,2
958,1914.22,2
3476,3648.28,10
361,628.16,0
2954,5950.29,20
481,1479.02,5
82,156.88,0
435,1778.63,1
312,488.44,0
246,446.66,1
2391,6003.01,7
1157,2193.04,1
10740,29859.19,12
4362,8986.53,8
866,1954.7,1
1250,2163.81,2
3973,6485.47,7
1226,2200.71,3
500,903.2,2
2445,3748.57,7
3520,7640.3,12
21041,35132.65,7
2924,5531.17,0
9627,17472.89,6
580,705.44,0
739,1090.06,0
466,629.14,2
853,2716.37,4
39179,99439.69,56
5,37.45,1
340,514.2,1
719,651.88,1
2964,12168.97,5
12155,39477.450000000004,25
348,2722.04,0
10087,17928.09,12
338,561.82,0
314,722.92,1
76,159.52,0
4494,8013.36,2
4919,7144.4400000000005,7
125,463.13,0
1383,818.0,0
410,533.0600000000001,0
514,1204.13,3
152,239.7,1
2594,6044.9800000000005,4
3232,7219.6900000000005,6
3422,7901.37,16
471,548.64,0
191670,495070.05,90
3681,5471.75,4
158,944.9,0
1502,2586.21,4
2582,6699.67,1
565,1634.03,0
4195,8310.81,3
1439,2120.22,2
906,1893.94,0
766,1815.7,3
850,2819.42,2
384,432.96,1
2476,5248.2,5
2128,3582.9,2
1084,1560.5,0
1780,3287.52,4
1010,4858.08,4
23769,50528.07,28
3973,10243.18,13
516,986.0,2
1648,4481.05,8
67,138.35,1
57,158.55,0
1189,2530.23,2
274,567.64,1
226,522.86,2
584,465.16,0
863,2164.79,0
2536,4897.65,0
486,861.34,0
1128,2275.34,4
506,2095.3,2
20091,32495.91,26
96,289.20000000000005,2
4484,6092.71,6
195,348.24,0
633,1445.22,4
365,198747.0,0
601,861.75,0
740,6761.599999999999,11
1265,2747.19,8
517,1017.29,2
466,1020.0600000000001,0
1043,2066.52,0
2980,5512.5,2
2157,2724.15,0
942,2178.62,5
855,2523.6,0
582,2551.4,2
784,3377.6000000000004,2
2052,5077.56,3
192,459.90000000000003,1
4088,6963.62,0
6588,6344.48,2
476,1018.6,2
1486,3222.15,0
4286,4240.63,3
1440,244.8,0
153,658.35,0
456,697.84,0
360,883.97,0
4258,10214.43,10
5916,12711.62,3
939,1097.97,2
18709,39183.55,13
429,796.11,2
794,1404.6000000000001,1
2860,3460.81,1
7001,12491.130000000001,12
263,476.81,0
176,191.72,1
1107,1943.8100000000002,0
1712,3661.26,2
2280,4189.02,2
144,550.24,1
1483,2650.65,0
1111,2032.31,5
586,1086.28,2
326,294.74,0
3636,6452.68,1
3498,2849.19,9
4825,6664.22,6
621,1418.5,1
9564,24747.62,15
1464,2619.83,0
2577,2291.5,0
650,1201.3,0
343,479.49,0
723,3592.2000000000003,4
10700,17012.19,3
1881,5297.26,2
5798,10762.130000000001,2
387,628.54,0
519,1973.24,2
379,769.86,1
799,1504.46,0
5749,4442.86,2
362,796.3000000000001,2
23522,44579.5,4
578,1169.58,3
229,236.1,1
185,702.15,2
295,657.48,0
1864,4114.83,7
614,2212.4,1
211,288.21,1
2086,3653.43,4
148,212.04,0
847,1219.89,2
48,114.0,1
930,5241.5,0
3314,3335.76,0
2051,3533.54,8
798,1017.9,1
628,362.92,0
900,2121.18,2
1067,2124.11,1
40,60.0,0
9784,16529.73,10
1317,1743.6100000000001,3
1507,2508.1499999999996,4
2486,6254.752,12
507,1240.53,4
908,1517.44,2
1346,707.74,0
1292,3056.96,3
3700,8354.92,0
400,518.51,1
16761,57352.229999999996,5
1881,2188.71,1
500,1233.7,3
3126,3847.41,3
247,1272.67,0
16379,24771.36,18
2808,7722.0,0
266,662.5,2
2271,3888.13,5
630,1148.12,4
1522,6527.400000000001,6
448,1309.8,1
2294,3285.7000000000003,3
-2,-2570.1800000000003,8
7621,8541.09,9
364,479.24,0
633,1237.75,0
378,980.6999999999999,0
853,1326.91,5
816,2348.54,1
175,302.81,1
1372,2368.2,2
756,2928.35,1
150,360.73999999999995,1
519,609.45,0
2063,2996.2400000000002,0
957,3819.98,5
401,918.11,1
400,904.3000000000001,1
15411,29201.75,14
453,1289.31,1
2293,3198.82,0
554,3884.6000000000004,7
8279,7274.8,16
626,3223.7,3
743,1641.46,5
496,1005.5000000000001,0
140,337.56,0
2217,4625.64,4
6011,11499.49,2
192,286.2,1
684,1238.7,0
326,441.42,2
1266,1269.7,0
36,178.20000000000002,1
390,437.54,0
3310,6016.97,6
515,683.8,0
2074,2676.97,0
1093,1807.38,0
1082,1569.46,0
6428,9821.47,14
6993,6045.03,3
392,604.08,1
1036,1852.38,1
1012,2061.79,2
5671,9261.2,5
708,1667.15,1
1613,3407.91,3
1752,3210.14,4
10351,19959.96,6
64,80.0,1
22344,39275.06,16
2678,4308.5,5
3152,4490.25,6
1279,2171.34,3
4298,7319.52,10
256,492.00000000000006,1
150,1725.8,1
320,1630.72,0
1100,2518.18,4
11398,23992.84,24
1574,3665.3,3
492,1044.46,2
244,458.78,0
883,1950.91,2
2909,7051.21,2
425,1574.45,5
2008,4024.16,0
2140,4973.8,4
626,1936.3200000000002,2
7961,16841.16,22
5144,9673.27,11
1475,4188.33,4
432,457.92,1
1278,1456.18,0
989,1163.33,0
690,1375.91,4
555,810.6,1
787,839.62,4
1327,3567.79,6
798,698.31,2
9796,17620.99,10
732,678.62,1
51,302.79,4
20,99.0,1
300,293.52,1
119,506.15000000000003,0
2065,1612.23,3
2751,9358.74,6
4181,3430.95,3
13695,24582.41,9
11496,32834.47,34
107,449.79,0
350,511.4,1
207,554.95,2
302,417.92,1
10563,23885.1,10
381,832.9300000000001,0
12157,17523.34,16
10074,12469.15,7
605,935.79,0
8344,16407.94,6
218,647.6,2
1077,2862.4100000000003,3
540,5377.2,2
60,189.0,1
5180,6363.3,7
65,309.90000000000003,0
279,705.17,0
881,1628.69,10
2628,3018.08,1
146516,257250.08,158
3691,7052.12,9
100,208.0,0
1475,1636.24,3
1738,1031.8999999999999,0
900,1485.0,0
81,239.55,2
1018,479.42,0
321,465.50000000000006,0
958,599.14,0
6539,12939.03,14
1637,2405.62,1
267,679.8000000000001,4
254,387.54,1
2646,3358.05,8
2653,3206.92,9
257,753.3,0
148,191.88,1
2451,7327.68,16
2032,1478.16,0
1602,1674.54,4
6004,13577.88,6
496,1424.56,0
412,574.49,0
158,343.29,0
197,604.25,1
312,583.48,2
293,575.74,1
1859,3767.76,8
172,281.3,1
1898,4168.42,2
469,717.51,0
184,888.8,0
165,982.63,0
173,888.94,0
495,1219.63,3
1457,2678.05,6
148,358.44,0
509,865.11,0
557,1160.15,2
2888,7329.82,7
90,252.1,1
3118,8277.73,7
-1,-94.8,7
81,493.55,0
4187,7723.37,4
-3,-110.25,1
24815,32821.3,28
239,306.95,9
368,722.88,0
566,1262.22,3
680,1185.24,2
966,1894.8600000000001,2
1037,1919.19,0
3501,7507.68,6
4689,5240.03,5
5121,9886.9,8
662,1213.3400000000001,1
2495,3313.88,12
2598,8097.84,1
12,59.400000000000006,1
13204,12401.5,9
2008,11589.43,6
626,681.9,1
144,89.88,1
1178,2579.2400000000002,0
539,2416.65,5
220,422.0,2
5389,10121.23,1
3318,10464.44,8
1499,4091.84,4
16469,26462.14,12
-3,-31.5,1
3160,3667.95,3
1605,4012.8,2
835,806.49,0
603,884.85,1
222,335.0,0
3940,2733.8,4
1621,2266.43,2
134,430.62,2
4042,6138.46,3
703,1671.77,3
5257,12807.67,9
41,243.05,0
488,1587.0,1
43,205.85000000000002,0
1598,2912.9,0
919,1226.49,0
835,1837.65,3
173,392.85,2
2901,3348.11,5
744,239.28,2
600,466.2,1
487,1059.23,1
1058,1699.02,2
1058,1981.8,0
184,649.98,0
113,278.75,2
3917,10977.130000000001,2
1005,2888.7200000000003,0
159,457.32,0
7062,10984.220000000001,7
806,1660.1000000000001,0
1108,1142.47,0
5218,11542.44,4
564,1038.7,0
495,882.44,2
342,234.82,0
1673,1374.61,6
4571,9983.12,6
1945,4739.04,6
250,387.84,3
1192,936.82,1
2277,4206.94,4
2462,5478.33,6
1699,2551.7200000000003,0
726,1629.0600000000002,3
619,669.29,0
541,1457.45,3
216,337.68,1
231,815.59,3
791,863.47,0
2460,4686.12,7
98,292.39,0
1046,2090.68,0
263,635.9,1
109,331.81,0
1269,3094.7,4
362,748.69,0
1085,2300.43,3
240,1188.0,0
4771,9604.71,8
1289,2508.88,0
259,967.25,1
488,841.69,5
455,1160.89,5
830,1530.42,1
1864,2340.7,0
870,872.08,0
165,512.37,2
2200,3935.23,3
1413,2411.96,0
304,709.81,1
21,267.75,1
5207,5040.12,7
285,566.83,0
408,509.76,1
158,290.58,2
273,569.68,0
451,780.65,3
985,1513.15,1
160,230.24,0
648,2005.6100000000001,0
8241,52217.25,16
1668,3073.19,3
462,798.69,0
2381,2547.05,2
759,1837.51,2
718,165.48,1
1671,3583.62,2
452,709.68,0
1544,4302.0,1
146,427.86,1
393,574.91,0
2704,5261.62,5
336,674.4,1
1757,3846.4900000000002,1
83,302.35,1
3217,7617.29,6
2848,4244.4,1
14344,33818.9,8
1502,1501.17,6
6347,7295.22,2
5103,11679.0,6
80,204.0,1
456,630.24,1
602,1031.46,4
2162,4365.6,8
149,380.05,2
3705,8020.54,0
705,1021.72,0
2736,10927.11,4
6810,8634.16,4
415,561.75,1
157,288.59000000000003,1
7328,26468.68,8
24820,57742.35,23
109,274.7,1
869,2084.89,0
402,814.96,2
11233,20557.579999999998,10
244,521.25,1
275,676.15,4
4376,6814.42,0
3110,4464.12,3
303,1029.94,0
730,2330.82,0
125,332.63,1
6,750.0,0
503,2373.99,0
351,715.72,2
22287,64146.99,21
9135,13972.36,7
253,360.27000000000004,1
47,97.61,0
511,487.93,0
5138,9027.79,10
226,679.52,2
690,864.9000000000001,0
8387,14912.41,11
886,609.98,0
29076,46875.43,17
57,1338.05,1
1213,2645.4,2
86,765.3399999999999,0
4507,14676.0,21
306,543.4,0
7993,9593.07,2
1980,3812.6,1
1738,3911.79,0
2304,6929.53,6
377,1215.89,0
135,409.05,1
719,2875.12,4
534,559.84,1
49,185.97,0
2992,9196.3,11
604,768.37,0
828,872.54,1
82,173.59,0
895,1895.24,4
347,627.4,1
12832,17580.27,16
485,1092.51,1
340,1853.0000000000002,3
15132,22095.76,14
140,342.03,1
1524,4877.1,5
2123,4233.63,10
1581,3252.38,8
345,547.71,1
769,713.91,0
182,424.2,0
15671,26600.24,28
379,452.87,0
276,670.6,0
123,244.7,2
1143,2261.65,1
170,399.26,2
2128,2722.8,4
1155,1525.41,2
6650,6406.07,4
78,105.78,2
262,711.1800000000001,0
366,616.6600000000001,2
223,186.01,0
670,1220.43,0
3702,7896.29,5
8545,19021.58,15
5059,8012.53,10
3967,7440.99,3
1253,2247.81,3
1729,3300.33,4
10,50.900000000000006,1
745,1675.41,0
266,1044.25,2
65,175.65,0
1331,2820.76,5
1811,2640.49,14
5783,10514.2,30
829,1432.0,0
120,200.97,1
952,2560.4700000000003,2
500,814.66,0
3206,2212.98,4
840,2579.76,3
120,669.6,1
505,1129.31,0
1514,3122.18,5
206,672.5,3
450,571.9399999999999,0
84,354.6,0
1601,3047.38,0
168,387.6,1
2812,8389.539999999999,8
759,1090.41,1
982,1379.42,1
2138,2474.71,1
1454,2912.16,5
20067,32107.21,19
3845,5694.780000000001,11
298,224.66,2
186,261.24,0
1538,4517.58,6
2554,8652.27,8
2234,3099.96,12
2214,3102.66,1
318,682.38,0
150,259.24,0
3172,11001.24,17
62,248.4,0
1292,1033.84,1
3278,6792.64,7
24018,46196.44,27
308,890.5600000000001,1
997,1746.5500000000002,3
705,1373.961,0
172,611.8000000000001,0
2294,4011.77,2
1720,4710.5599999999995,0
7787,15922.33,14
1988,5179.18,7
726,1237.2,0
6066,6254.84,6
1882,1820.56,2
568,920.84,2
8237,14737.320000000002,12
3232,4586.44,4
1737,3304.06,1
884,1170.4,1
4023,6709.92,0
4739,10352.34,18
391,960.95,1
12,226.2,1
1681,4452.1900000000005,2
1691,1921.79,4
2045,4187.95,8
1478,1840.75,4
26758,66951.56999999999,18
8813,11069.49,8
414,133.14000000000001,1
569,1926.7,0
1093,1599.23,0
863,2317.6600000000003,3
1745,2058.31,3
258,395.3,1
506,1553.9,0
977,4323.75,3
631,1490.27,3
1523,2521.34,2
1305,2943.9,5
1824,1354.56,0
655,1337.1000000000001,0
726,1248.3600000000001,0
685,1582.44,0
24,30.0,0
1445,6159.92,6
465,1923.65,2
4340,7289.82,7
1876,3020.52,6
309,575.45,2
142,183.14,0
1214,2744.57,5
5589,8193.24,3
855,1174.68,2
348,384.96000000000004,0
144,152.64000000000001,0
1203,2390.81,0
208,604.0,2
4478,6877.92,0
29,135.15,1
6933,16137.59,6
6625,14537.470000000001,10
1279,1271.3500000000001,1
3942,5949.36,0
1336,3021.94,2
2255,4083.73,2
1923,1359.72,0
6097,9791.1,10
2286,6271.38,10
423,570.41,3
568,1011.12,1
160,370.8,6
66,107.46000000000001,1
144,180.0,1
2420,6043.72,0
150,354.82,1
494,1024.1399999999999,1
720,384.24,0
414,1101.3,4
318,485.1,0
60,75.0,1
7213,34848.75,16
991,3043.01,2
2967,8450.11,9
279,678.15,1
108,77.4,1
152,516.1,0
617,1292.15,0
1507,2991.45,0
146,265.63,2
108,384.6,0
3542,8855.23,4
80,286.2,0
543,2054.61,0
1191,2013.93,0
4428,9770.09,5
405,946.62,1
1452,1961.71,1
381,913.35,2
2812,8943.210000000001,8
1136,2580.78,4
638,1408.96,3
582,1786.54,5
3648,6853.67,8
564,1628.0000000000002,4
259,731.53,1
11291,23993.47,25
585,1370.8,1
945,1127.56,0
5389,12874.87,9
862,1872.05,3
218,619.55,2
492,865.64,0
215,651.15,1
10982,19960.32,8
197,804.25,2
66,238.9,3
1923,3388.28,3
194,198.5,1
2870,3878.82,11
142,394.3,0
1261,4927.25,2
393,689.25,1
2580,3393.5,3
1259,2362.29,0
17802,29703.36,28
616,684.8,0
348,361.92,0
140,440.56000000000006,2
81,273.46999999999997,1
427,1731.09,0
408,118.31999999999998,0
679,1993.49,0
264,362.56,0
2477,4976.04,7
318,748.07,2
19474,47532.9,0
9493,14775.931,18
919,2884.58,14
5571,8222.47,3
144,79.2,0
3630,6774.33,8
7730,12301.44,12
485,1133.16,0
3098,5838.84,4
73,319.95,0
779,2674.13,7
-1,-5795.87,5
57,336.55,1
515,1170.95,0
545,2407.18,0
5507,9090.9,4
464,725.58,1
878,2595.72,3
-157,-684.1500000000001,2
9420,39231.8,32
145414,256959.9,23
144,656.4,1
908,2185.64,3
186,497.88,1
633,1048.46,1
1034,3024.9,6
528,360.90000000000003,1
235,458.13,0
1642,4846.65,4
218,694.5,1
65,352.27000000000004,2
454,1202.22,0
264,611.1800000000001,0
3215,7411.26,2
250,345.94,0
819,2164.21,2
10140,15588.33,18
10685,16939.72,4
937,1839.6,0
215,502.44,2
4495,3610.55,6
164,416.35,0
3999,8201.83,6
1250,2014.74,2
5556,8587.32,5
682,2022.3000000000002,2
2214,3438.6,7
4352,13420.960000000001,12
2649,5668.68,2
1894,3422.52,3
2555,3052.95,1
1076,2602.74,5
912,1668.77,0
-1,-451.42,0
2192,4858.4,3
4505,7343.91,0
11881,19351.43,20
1257,2532.4900000000002,0
2424,3247.72,3
17221,50986.69,20
1536,2125.14,3
3391,6908.49,6
3747,8497.91,2
6721,11913.6,8
1050,3267.17,0
3249,5093.93,2
2881,3356.54,0
70,132.5,3
2764,5313.7,3
390,425.1,1
4988,7297.9,7
242,432.48,0
460,1221.05,0
1852,3858.7200000000003,6
2914,6562.08,5
1120,2613.04,2
524,1294.06,0
3657,6119.89,2
3233,8106.86,24
812,2570.31,1
1384,905.3199999999999,0
677,942.44,0
1909,1194.05,0
833,1501.51,0
90,249.00000000000003,1
3488,7175.37,4
1032,2268.7,0
57,298.16,0
814,1625.43,1
73878,184713.45,19
1056,1789.48,0
689,639.84,0
5392,7548.9400000000005,6
577,1117.9,3
66,332.1,0
262,303.53999999999996,0
4538,9677.43,4
115,175.41,1
1016,1766.78,3
85,265.87,1
-1,-5876.34,1
2722,2191.92,4
156,244.66,1
115,716.86,1
208,158.41,0
4160,14192.19,9
1336,2140.86,1
48745,90019.76,28
1326,1427.82,1
5465,8097.39,11
248,705.4399999999999,1
2356,5028.63,10
7332,8559.69,6
3476,6682.9,10
320,684.55,3
2473,3969.55,1
2023,5057.9400000000005,2
166,331.69,0
11384,24967.18,20
117,205.41,1
543,610.17,1
1007,1724.26,3
13,92.05,1
798,1286.32,2
1152,276.48,5
10484,25253.57,16
160,236.10999999999999,1
1402,2468.78,2
375,711.34,0
493,550.23,2
1262,2293.22,4
702,1212.66,2
328,862.4300000000001,0
1708,3542.27,8
357,924.68,0
279,302.85,3
1410,7105.04,17
1495,2356.83,3
1169,2090.03,3
276,1595.67,2
2553,3687.1,8
215,1177.25,5
781,986.7,0
88,299.56,1
576,610.5600000000001,1
430,827.9200000000001,1
306,652.98,0
-1,-1899.67,1
380,300.1,0
4985,13133.75,25
150,250.1,1
1233,1631.72,4
1290,1314.77,6
218,272.90999999999997,1
6752,16624.280000000002,7
153,295.84,0
162,215.53,1
1483,5696.53,4
957,1892.85,0
307,1571.8400000000001,2
158,319.38,0
3787,5637.24,7
1753,3564.46,10
1741,2355.93,7
3,6.300000000000001,1
271,381.94,2
852,800.81,1
3298,6460.54,10
549,1383.17,4
516,1248.8,1
1666,1837.95,1
471,1134.28,5
925,1902.97,3
428,1297.8,2
410,545.8199999999999,1
137,175.37,1
220,652.6,0
338,310.92,1
289,295.63,1
229,659.48,1
240,1188.0,1
230,715.1800000000001,0
180,459.6,1
5006,5643.82,0
1668,2530.03,0
3784,4276.08,2
-411,-120.9,1
444,720.57,2
94,209.7,0
947,1641.55,4
9014,14978.41,1
-1,7.999999999999986,1
96,772.8,2
424,690.54,0
392,573.48,2
2429,8203.03,3
1031,1283.39,4
3390,6423.5,3
2486,4703.94,0
1643,3092.2200000000003,1
366,543.4200000000001,0
7956,16792.29,8
867,2303.85,1
766,1753.93,0
4908,11135.17,12
222,353.0,1
8673,19410.4,10
1001,2358.85,2
928,1832.8700000000001,2
325,945.23,3
495,1182.08,3
491,901.7,5
268,819.66,1
444,537.59,1
438,713.8,0
197,579.41,1
2923,6671.25,11
632,978.2,2
2465,6519.91,11
455,838.43,1
472,2286.04,2
886,2126.76,1
4486,11671.44,8
992,4365.95,5
636,1974.73,3
4242,8169.71,0
498,895.9399999999999,0
2492,3671.95,4
2078,1837.66,0
4803,7094.7,4
768,586.68,1
8547,13060.75,6
8745,19261.66,19
218,645.7,1
4965,7734.45,6
11502,17574.29,22
4840,5753.1,5
852,705.16,1
4184,3071.3,2
1085,1611.0,2
322,698.83,2
2330,4794.75,5
118,626.9,1
1012,1678.21,2
3706,5120.07,0
839,2192.78,4
677,1401.48,1
1346,3211.19,2
-24,-46.8,1
10916,18715.09,15
72,61.199999999999996,1
8210,17731.899999999998,0
759,1476.46,2
166,481.26,1
4702,14172.92,5
2329,5313.29,5
2572,4839.36,7
421,663.53,1
4725,6009.77,3
5240,9996.8,12
848,2054.43,0
1779,3490.28,9
7007,12549.3,15
3394,6977.75,2
73724,187168.41,42
886,2213.01,2
1558,1131.6,0
2113,5282.47,6
1209,3091.33,4
1165,1620.08,2
16565,46193.01,25
790,1499.16,0
522,962.96,2
425,1150.88,0
651,1382.44,0
711,961.71,2
586,800.62,0
351,344.1,0
2647,3658.9300000000003,11
38,180.9,1
121024,236737.72,52
530,761.34,0
718,1026.97,0
3168,4466.7,6
8146,22546.77,10
1120,1729.79,4
64,474.94,1
2064,3857.16,2
1342,3157.98,4
410,899.5600000000001,0
870,1038.21,3
2422,5482.67,5
1796,5131.8,0
2374,3630.29,6
1865,3949.69,4
270,548.64,1
3607,6100.66,5
549,498.37,1
3,321.42,1
1139,2183.21,5
1971,3677.23,3
664,590.14,2
186,440.38,1
457,634.83,0
5595,7747.82,6
1535,4675.33,6
46,261.6,0
569,1324.04,0
2831,6814.01,7
36,125.4,1
2919,6816.05,7
369,1244.85,3
37,74.95,2
3940,6307.81,4
446,591.66,0
127,241.75,1
3032,5600.02,10
2074,3154.45,0
2499,6649.27,6
107,282.09,1
275,962.25,1
956,2065.02,0
1531,2582.43,3
3043,9061.16,3
111,283.04999999999995,0
80,585.8,1
507,1412.39,3
2548,4628.52,0
672,780.0000000000002,2
415,1027.5900000000001,1
2638,3816.2,0
631,1223.45,3
4583,10153.67,4
69,199.25,1
3319,5204.07,2
334,825.46,0
2402,4701.07,8
3130,6268.6,6
1372,3558.04,5
1016,3171.32,2
261,628.93,2
146,421.66,1
344,842.2800000000001,0
2058,2781.8,5
20,17.0,0
3802,8036.84,13
435,717.55,1
1339,4038.32,3
141,304.75,0
3818,8111.52,8
1900,3308.7,5
782,1080.82,1
3619,6899.110000000001,4
1682,3011.5,0
5742,13878.02,21
2069,5850.45,10
4085,5046.51,4
150,218.26,0
5234,13097.98,0
2739,4300.45,6
1890,1947.4199999999998,2
1644,3428.15,1
431,1152.28,1
772,278.12,0
719,510.35,0
76,234.00000000000003,0
3326,5313.61,4
496,1180.94,0
735,1728.7,3
5095,8517.210000000001,5
1528,4007.96,6
3298,4365.9800000000005,2
1767,3163.69,4
2134,1782.66,3
269,540.83,0
1627,3882.03,4
4758,12021.55,14
13219,36050.64,11
616,1437.76,1
5314,8417.49,9
2306,2837.24,3
648,2325.18,4
11126,25640.06,9
712,1858.3999999999999,2
24396,48373.77,32
4528,5251.46,4
759,2619.65,1
924,1485.6200000000001,2
415,869.75,1
1410,1791.23,4
1194,2384.7400000000002,2
2312,2849.0,2
880,1829.74,1
677,968.8,0
4927,13583.85,10
128,1401.6,0
10047,13683.17,11
1145,2161.55,1
2416,4778.29,6
594,916.94,3
1096,864.64,1
4222,8940.44,11
-1,-4217.59,1
1792,5335.02,0
7204,10923.76,8
-3,-31.5,1
920,1719.6499999999999,6
5612,11845.53,13
427,950.61,0
342,1251.74,10
1295,3079.03,4
1795,2090.65,0
12716,25637.920000000002,33
8,74.8,0
1582,5431.14,12
708,1442.33,0
6,239.70000000000002,1
334,890.66,4
2729,2712.86,6
11741,26579.78,46
2779,4018.33,0
11430,12593.619999999999,18
60,169.8,0
2597,3883.75,3
1095,2676.8,0
2408,5213.8,4
1813,4141.91,3
2408,5660.57,7
1968,4049.92,11
700,1486.36,1
188,413.56,0
20631,35042.83,6
412,648.1200000000001,0
14559,24722.13,5
581,1520.71,3
1036,2012.9,0
614,1483.69,1
12330,16958.63,18
8686,13904.1,0
1313,1714.19,2
293,479.33,0
2778,6668.14,7
16863,32475.9,15
436,833.4,1
599,1107.65,1
287,658.25,1
215,683.85,1
68,271.8,1
2475,4094.24,9
799,2306.601,1
1506,4261.5,7
6176,12219.78,11
2890,4687.99,1
2442,5151.17,10
1138,2032.63,3
1411,1657.06,3
3131,3584.32,3
2685,5809.64,10
250,722.8,0
3467,8016.89,8
3995,9379.27,4
28990,85763.38,21
1122,3254.52,2
1070,2561.12,2
84,300.0,0
2743,5389.96,1
148,379.65,0
576,1922.63,0
319,903.2300000000001,0
6994,9526.65,12
144,122.39999999999999,1
-6,-20.34,1
2484,5018.23,8
1116,3058.5,1
1162,2325.98,2
2920,3030.39,1
2951,7130.150000000001,13
1074,1372.26,2
781,1678.49,4
1055,1811.8700000000001,4
2521,5907.35,5
696,1060.8,0
995,2098.78,4
3370,6262.46,5
1247,3829.91,8
266,609.34,4
1572,4109.4,5
300,676.36,0
139,391.05,1
158,127.44,1
1404,3168.2,4
2937,8236.77,0
4561,9213.73,4
8022,16732.55,10
191,699.48,0
2430,4946.08,1
1550,2294.32,0
725,1799.3,2
414,267.2,0
126,238.26000000000002,0
1871,3884.58,0
712,1468.66,2
88,264.21000000000004,1
-350,-697.3,2
11133,13401.15,6
963,2173.2400000000002,3
5375,9668.72,10
2530,2917.5,2
4,93.9,0
12251,25593.760000000002,11
375,825.25,3
471,1585.05,0
802,1988.96,2
768,1436.67,2
525,765.75,1
1540,1826.22,2
6150,13720.58,4
1455,3621.13,7
294,300.42,1
996,1365.9,0
1197,1569.94,2
988,1958.28,0
4788,7710.85,5
483,917.35,0
58,455.2,2
558,1388.3999999999999,1
2133,4157.6,2
2179,3957.11,2
81,458.54,1
545,2240.67,4
7095,11610.25,6
232,523.2,1
2928,7319.4,3
1472,2911.56,2
5623,9120.51,5
1252,1944.73,1
123,393.25,1
185,656.15,4
3058,2139.36,4
60,346.8,1
143,157.34,2
1965,4382.49,4
3,353.15999999999997,1
1359,2960.39,7
3921,8842.630000000001,8
142,349.45000000000005,1
1462,2462.59,0
1170,2457.1,6
405,508.37,0
555,2095.13,6
173,310.35,2
1376,3206.51,3
84,218.96,1
180,284.92,0
7270,15093.06,5
376,717.0600000000001,1
408,590.58,0
1429,2329.25,2
2277,2545.2000000000003,3
16000,5120.0,3
845,1303.59,0
609,1119.49,2
565,910.0699999999999,0
145,493.95,1
305,515.09,0
1652,4330.6,3
309,864.97,1
5382,12136.03,7
2661,5777.24,3
317,569.95,0
120,666.0,0
5904,10244.69,6
210,584.1,3
285,427.17,0
306,884.22,1
526,872.48,0
4898,7551.12,12
2222,10801.34,11
15999,22813.64,15
418,752.46,1
1597,3733.22,4
600,1371.53,4
1588,4812.1,6
1944,4231.86,5
65160,67210.56,0
393,561.88,1
2333,6979.14,8
3157,8908.71,4
176,296.0,0
163,413.65,0
57,304.05,0
2364,2837.84,2
6409,8135.53,4
349,616.91,0
920,1399.26,1
1364,1845.72,3
1368,2657.7,1
591,423.81,1
3845,7293.83,11
2147,3036.12,1
17,121.96,0
2149,4653.87,8
4237,7160.57,17
498,891.58,0
6584,19100.8,19
1037,2125.73,3
280,706.43,2
458,979.4100000000001,3
736,1762.24,1
3809,6065.04,1
2428,3732.92,8
3889,6408.61,0
894,1938.68,0
942,1667.11,2
104,218.72000000000003,0
501,1283.85,0
2408,5442.41,8
1705,3119.17,3
1951,2829.15,1
516,1136.73,1
2727,4878.7300000000005,4
1340,3047.36,0
175,309.45,1
1290,2518.68,4
292,888.6600000000001,2
1663,3764.18,3
190,236.29999999999998,2
986,1459.12,0
5544,2420.64,1
433,582.25,0
2520,4137.12,0
3181,2879.1,0
304,673.6,2
322,673.48,2
3357,6523.92,7
1479,2623.51,2
1252,2487.79,3
1415,2377.4900000000002,1
971,1929.4,4
169,375.95,1
2367,3439.93,0
265,1093.55,3
1440,2164.34,4
1136,1458.81,2
5921,10364.95,11
2827,1861.42,0
6269,7168.08,12
118,269.5,3
118,316.96,1
1800,3901.94,0
773,1332.9,1
4473,7046.36,8
16929,17565.43,19
428,922.7,1
168,273.7,0
268,935.6,1
239,387.35,0
461,1141.95,3
3106,6392.02,4
375,407.71,1
6766,12058.95,7
816,259.68,1
929,1576.85,3
792,1693.7,4
494,937.28,1
429,1222.3700000000001,3
1069,1366.0,2
4025,5723.5,6
12,71.4,1
942,1650.46,2
1489,3452.97,2
420,201.0,1
306,1377.56,3
102849,125543.47,72
334,510.4,0
474,862.38,1
275,490.95,0
2167,3654.59,0
292,428.65999999999997,0
1103,1204.57,3
27,853.6500000000001,0
571,2206.86,6
1063,1388.35,0
1004,1041.48,0
473,951.21,1
2407,5836.79,6
1307,2166.59,3
419,466.05,4
331,555.75,2
774,1226.78,0
134,559.3000000000001,1
3999,7092.55,1
928,2230.46,4
1004,1791.65,2
288,486.72,1
4239,7602.79,15
604,1257.5,3
0,-6.100000000005821,1
831,2146.8,2
357,853.8000000000001,1
634,1369.32,0
1551,4329.2300000000005,3
1130,2240.9300000000003,3
454,825.58,2
426,1083.42,2
9,7.449999999999999,5
5387,8332.16,8
9176,17250.63,10
248,485.76,0
8145,14565.86,12
166,179.22,1
1370,1315.02,0
2054,3351.16,2
36,306.0,0
2140,2937.74,0
1685,2454.3,0
1095,1594.64,3
4154,9441.28,9
18326,6436.86,8
776,1612.6200000000001,2
675,1826.3400000000001,1
2523,4715.74,7
1652,3382.6800000000003,5
440,1662.56,2
549,902.59,1
2085,4088.7000000000003,0
509,976.0,0
347,779.55,3
5352,8618.86,5
370,597.22,0
221,635.02,0
817,1552.57,0
387,950.51,3
474,360.78000000000003,0
101,320.95,0
343,719.4,0
2605,4709.03,6
94,477.06,1
279,383.6,2
1326,959.4200000000001,0
44,339.4,2
235,272.97,2
1700,2618.13,2
331,690.84,1
3367,3750.51,3
1087,1514.29,0
813,1593.18,0
3063,4783.82,3
5968,15959.67,17
59,126.77,0
2983,5245.39,9
755,1788.6000000000001,4
1156,2412.67,1
534,558.98,2
2898,7251.9400000000005,8
896,786.29,0
1584,3287.5200000000004,0
96,216.0,0
234,289.88,1
187,532.81,1
174,1228.8,0
1990,4115.14,6
1512,3697.48,3
-2,-33.9,1
773,1976.8100000000002,0
-1,-134.86,1
3318,6693.14,5
84,149.4,0
235,406.05,0
1045,2083.73,3
398,1247.94,3
2393,5042.97,5
1760,2029.22,3
542,1354.26,2
10579,26669.15,11
436,758.98,2
31301,60932.43,26
605,1656.83,1
1806,3596.48,1
229,374.71,0
1805,4704.74,3
38,123.69999999999999,1
3389,4260.13,5
4512,17138.88,2
1004,2350.82,0
318,1288.1,1
1310,2219.68,2
543,1130.95,0
78,33.9,1
546,926.47,3
2952,9874.97,7
221,415.75,1
395,902.03,2
322,665.62,1
757,592.1899999999999,2
132,284.6,6
704,1562.64,1
5613,7194.15,6
243,203.91,1
10,53.0,1
14743,29625.99,27
11891,20872.26,22
2797,3959.97,4
614,1611.42,1
33570,35452.5,23
2314,5145.61,11
292,547.84,8
8726,18276.58,17
186,523.9,0
15868,30554.68,24
240,559.45,1
3199,7179.91,7
382,869.02,0
428,398.15,1
5301,9585.82,6
40,87.8,1
545,1988.75,4
501,1002.13,0
1935,1558.85,0
798,2610.9,2
2087,3046.7400000000002,4
7442,13235.51,16
7137,8382.22,12
974,2138.54,0
654,1589.96,0
1891,2424.59,2
-3,-31.47,1
577,1211.91,5
284,816.3000000000001,1
204,364.2,1
216,538.0,2
-4,-10.0,1
245,156.42,0
285,562.44,0
344,671.8,2
3648,6061.0,4
291,652.57,2
964,3957.58,2
116,414.4,0
1590,2885.86,4
947,1089.6100000000001,1
529,1246.45,3
56,319.70000000000005,0
10444,15712.34,15
584,1972.23,6
120,371.8,0
2852,3608.48,4
459,1186.29,3
220,104.08,0
88,169.2,0
390,451.50000000000006,1
4242,3850.61,10
802,1502.48,2
861,1820.6200000000001,3
922,840.01,0
421,1249.35,3
576,241.92,1
291,703.13,2
7454,9988.27,13
1073,2472.52,2
4668,11784.58,0
126,184.26000000000002,0
1922,3859.83,5
3085,7545.820000000001,6
517,1175.19,0
849,3273.71,2
374,530.21,2
583,841.55,0
211,424.25,0
2693,5211.13,0
1992,4097.54,3
2526,3703.13,4
715,3624.55,0
113,759.55,2
937,2006.23,4
1235,2017.82,0
2409,3745.4900000000002,5
4172,7587.63,0
305,717.27,0
2647,5552.87,2
805,689.35,0
224,374.8,2
2800,5866.03,8
596,1009.6,2
1901,5525.68,0
1147,3299.45,9
530,856.6,1
5249,9512.57,4
1443,1845.09,0
2917,4472.52,6
1473,3459.7000000000003,1
218,245.39999999999998,1
644,902.7800000000001,1
1431,2433.34,2
1217,2046.77,2
1368,1497.73,0
241,376.87,1
1561,1370.83,2
694,1117.78,2
845,1278.02,2
198,809.76,1
2664,3602.28,6
60,136.2,1
16339,44786.2,13
1445,2407.28,0
1418,3703.32,5
6897,12294.77,8
29373,41030.560000000005,23
2078,1641.96,0
612,1358.64,9
144,78.24,0
1970,3069.32,3
479,1377.05,5
54,217.1,1
400,660.0,1
37,169.95000000000002,1
112,220.95,0
578,411.94,1
423,1116.88,0
1466,1464.44,7
1597,1680.22,1
10209,19627.600000000002,16
1447,3881.67,0
6502,17510.53,0
206,354.36,1
320,565.87,0
538,1108.22,2
1682,5004.2300000000005,2
719,1387.25,3
4278,5957.36,0
553,2410.51,3
805,1688.45,2
2052,3141.36,1
1688,1414.28,0
411,855.4,2
193876,335701.92,34
603,607.91,0
6459,10452.45,9
305,335.61,1
1240,2223.58,0
492,481.94,0
451,776.53,2
159,375.27,2
2209,7207.4,2
1185,2260.32,3
29,186.15,1
383,436.45,2
294,1265.7,0
46,194.0,0
1600,3792.0,0
974,2228.61,8
12494,18548.96,15
24772,23404.02,16
1714,2383.21,5
-2,-30.0,1
740,1262.16,2
51708,105309.421,32
494,1103.24,0
876,1249.45,4
419,1031.33,0
8351,23712.25,9
8339,13686.13,14
1989,4954.13,5
3683,8021.16,2
15145,27988.51,22
1474,2297.07,3
2494,1172.5,1
2804,5769.840000000001,1
5908,13353.66,12
4154,7851.77,5
5142,8256.63,10
820,1202.42,3
306,604.46,0
15705,17366.26,12
1673,2994.23,2
136,266.6,1
1923,4342.29,9
2127,4011.9700000000003,2
2248,3053.16,3
1316,2294.23,0
10477,14570.81,0
1628,1477.79,0
300,363.87,1
4165,7947.82,8
194,487.26,1
606,1244.31,0
7508,11843.42,15
2223,7407.21,8
576,835.1999999999999,1
12,15.0,0
897,2071.21,2
209,387.48,1
148,343.62,1
3645,3483.56,13
6874,8546.47,7
1220,2135.1,0
11559,14046.32,0
26126,41085.52,27
982,1412.93,0
4730,8391.8,10
4797,10982.630000000001,2
363,1102.52,0
1752,3180.6,0
256,895.6,1
267,317.81,0
108657,141111.19,35
3807,6249.88,5
1467,3290.71,8
522,756.0600000000001,1
352,696.93,0
834,1072.79,0
318,442.5,1
525,503.42,0
871,2317.9500000000003,0
813,1655.05,1
2572,6318.87,0
570,898.9,1
804,1888.6,0
12142,16086.89,5
1197,3183.12,9
763,2675.85,3
2432,4306.360000000001,6
4037,8266.69,5
1572,8066.4,5
436,948.58,2
1629,3698.64,4
1779,6176.62,7
785,1099.74,1
955,2844.9900000000002,4
280,400.44,0
42246,77390.59,35
689,1382.11,1
700,2053.4,3
9557,26014.15,33
296,716.9,1
1001,1857.7,4
550,1067.83,1
144,103.67999999999999,1
865,1928.23,4
1970,4305.05,3
46,130.1,0
1403,2304.71,0
3744,9622.26,10
601,1233.76,3
328,469.54,0
3097,3937.98,5
2726,4797.95,5
372,579.52,0
2053,4109.83,9
421,1631.65,4
364,1152.74,3
813,2005.94,0
643,2073.22,0
661,1068.21,2
362,599.1800000000001,0
417,1021.58,0
1944,2217.54,3
732,1553.15,0
2704,4354.16,5
386,774.02,0
2040,3441.23,4
939,1997.0700000000002,2
715,875.27,0
2106,4300.5,4
2538,3362.43,0
10441,26458.43,16
540,1030.28,2
484,740.9399999999999,0
2802,5372.79,7
3860,6510.07,0
434,464.44,2
533,954.91,0
26,217.7,1
386,379.38,3
2489,5030.79,7
555,1350.29,1
2965,4595.49,3
315,713.05,0
285,838.51,5
72,168.7,0
473,1206.42,1
1583,2714.8700000000003,4
87,254.25,1
437,858.87,2
2069,5593.1900000000005,2
1300,1842.04,1
1062,3385.08,9
1142,1586.8,2
3316,9679.91,0
966,2623.7,3
21448,53150.77,13
200,274.93,3
5648,7093.8,7
1530,3188.12,0
32335,38335.38,21
877,1654.63,2
318,701.6500000000001,1
1047,1742.23,2
496,1170.22,1
1523,2505.07,3
96,348.64,0
381,522.49,0
550,608.22,0
97,439.46000000000004,0
-34,-229.5,1
1720,2837.03,2
273,656.95,0
334,741.58,2
366,873.3,1
3740,12808.6,16
3176,3077.27,5
1680,4775.74,4
1270,1821.19,4
905,1359.3300000000002,4
1274,2034.22,2
575,859.85,2
254,224.2,1
133,331.11,0
146,210.78,1
281,1067.76,3
1170,1734.04,0
499,942.21,1
2354,5582.22,0
3022,3111.1600000000003,3
16370,29930.66,7
152,430.09000000000003,1
4435,9288.53,11
428,281.46999999999997,1
807,1460.13,0
0,0.0,0
-3,-155.95999999999998,2
2076,4379.79,1
1200,864.0,0
755,1147.15,0
2197,6209.37,19
906,2283.17,2
695,1322.02,1
0,0.0,2
946,1567.4,2
346,1005.9499999999999,3
3345,6250.05,3
423,505.79,3
1603,4108.91,7
673,1336.78,2
373,880.48,2
863,2766.42,5
909,2538.84,4
43,251.2,1
141,511.76,0
1534,1957.27,4
2094,4275.73,2
1325,981.5400000000001,0
100,453.38,1
1114,3300.92,0
1308,2007.52,3
5748,10197.66,7
3914,10481.29,13
1187,3210.13,3
1757,5522.36,5
77,289.53000000000003,2
784,728.52,0
1558,2943.14,0
285,456.95,3
3702,11003.28,4
709,1348.53,2
218,424.92,0
518,3143.15,5
1472,2097.24,3
1810,4093.2000000000003,2
3929,6677.27,12
5109,12230.86,18
159,820.2,1
506,754.88,2
496,1138.92,1
12879,29245.97,15
854,1281.62,0
162,232.8,1
496,3331.94,6
1084,958.0,0
5336,8259.64,15
1608,2532.88,0
727,927.15,0
6848,11324.15,3
475,988.84,2
2926,6610.93,11
1775,4281.17,5
532,1102.05,3
739,1309.8,1
227,382.8,1
7027,14135.53,5
466,982.17,3
8479,12974.06,8
24,68.4,1
1697,4148.83,0
391,2425.59,4
51,208.26,1
12298,18625.79,16
1132,2738.2400000000002,6
1092,1815.26,9
4917,1679.8700000000001,4
1297,2396.19,0
5650,9104.62,10
2180,2120.39,0
667,1714.21,3
40,83.2,0
7220,14789.179999999998,12
2345,3485.68,6
215,578.93,0
360,1074.12,0
1140,1656.47,1
97,220.15,0
2924,3840.82,6
794,1371.54,5
324,579.42,1
77,243.15000000000003,0
168,603.8,2
362,306.0,0
2577,3183.72,0
570,582.12,0
525,729.85,0
1399,1165.55,0
24,142.8,1
125,658.68,0
477,2020.1,2
190,400.5,1
148,829.6,2
967,1954.67,5
272,1554.24,0
320,1239.5,4
561,1427.18,2
3066,7096.21,4
1810,2786.96,1
-1,-4620.86,1
394,860.4200000000001,0
4432,6680.41,5
10914,23394.19,14
9752,33199.07,15
6762,13407.2,9
1447,5663.09,5
332,910.39,1
1538,1992.9,0
200,344.0,1
1424,1924.72,1
3664,10685.79,9
710,4256.1,3
-1,-779.32,1
-4,-5.0,1
2243,5581.75,4
1300,2535.0,0
101,394.02000000000004,1
439,786.67,0
724,925.13,2
8121,14918.87,8
2200,4874.72,4
1071,1844.77,4
2304,4399.29,2
1523,1565.44,3
1100,3352.43,4
1531,2358.07,1
48,162.72,1
603,480.49,1
242,375.90000000000003,0
1256,963.72,3
700,904.8000000000001,1
-2,-3224.76,2
429,1159.39,0
3202,3246.41,0
655,994.4499999999999,1
23960,25799.5,18
1172,6498.2,4
5280,8390.86,10
1578,1880.18,2
3080,2465.03,6
524,844.0799999999999,1
911,1527.45,3
159,208.35,0
1924,2765.2400000000002,4
358,713.64,2
1252,2506.19,3
1671,3365.9,3
4615,7839.5,5
302,293.06,0
4230,7551.1,4
3352,4867.41,13
1725,2906.39,1
1105,2008.6,3
626,1328.3,2
145,345.05,1
1264,2655.68,0
965,1542.0,1
1648,5260.4800000000005,1
501,2111.74,1
2500,3456.61,3
2031,2163.6,0
4236,7068.05,4
10696,22396.4,13
441,1429.48,2
3628,4300.9800000000005,4
2433,5434.08,3
2468,5060.8,5
8121,20250.83,14
4995,8972.69,6
900,1448.98,3
455,682.09,0
334,1431.96,0
1501,3007.94,0
150,439.6,1
50,178.9,1
262,611.8,1
1094,2220.48,0
7878,12348.62,6
378,419.58000000000004,0
4165,17237.08,0
1648,2109.9,4
3776,7716.84,12
748,2240.37,0
125,367.34999999999997,2
162,455.69,1
784,1063.28,3
8927,20208.28,28
7018,14183.13,9
479,1037.41,1
4038,8974.58,6
465,579.8,1
1274,2817.96,0
25,240.35,1
1507,4747.17,6
969,2353.54,3
36,306.0,1
1207,460.89,0
60,297.0,0
1150,1862.52,5
731,1836.66,4
4886,10832.79,4
5144,12726.48,8
6035,9924.97,2
7319,16461.54,26
3067,4020.09,0
223,448.37,1
1805,4348.8,0
47,187.85000000000002,1
2518,5654.84,7
7750,15636.68,14
7417,11139.14,10
212,442.66,1
344,690.8000000000001,1
3846,5093.89,6
3101,8064.97,10
1164,2376.14,2
342,1927.9,3
565,1027.25,1
1288,1527.66,0
2121,4151.87,3
10,127.5,0
794,757.49,1
323,1012.21,1
1226,1387.68,0
310,1050.92,1
15237,39550.47,6
37,197.45,1
1652,2906.05,2
307,1761.35,2
1063,926.8,1
222,378.89,1
1833,5242.59,8
443,1749.71,0
1828,6607.7,8
759,661.35,1
148,261.7,0
338,336.3,0
748,1445.21,0
313,956.87,0
230,752.78,1
668,1100.3,3
1403,2248.76,2
235,635.25,0
654,553.72,0
2943,4527.52,4
809,2676.4900000000002,5
148,353.68,0
5,31.85,1
-3,-55.14,1
2106,5555.65,0
2035,2728.69,2
22169,43782.65,6
325,1526.15,1
3229,3617.07,5
455,483.49,1
1489,2656.72,6
4052,9820.17,6
20653,46520.85,14
480,911.6800000000001,0
761,1573.63,4
614,2558.15,3
753,2504.93,2
1224,1854.26,0
4311,5643.34,7
4418,13656.41,13
2753,9482.99,10
122,166.88,0
48,381.6,1
722,2917.56,6
84,463.80000000000007,1
1001,3550.5,1
268,555.44,0
910,531.9,0
2102,1739.16,5
732,1064.54,2
4683,10668.79,17
2270,4283.05,3
2516,4658.33,2
15139,20632.47,12
1082,1938.6000000000001,1
1868,3528.58,0
844,1215.0,2
2926,5330.92,0
1596,4048.52,7
125,280.83,0
822,2035.1200000000001,3
649,952.71,1
1294,2437.9900000000002,2
268,257.88,3
418,863.86,1
2120,1504.46,4
2262,8075.84,0
86,148.4,0
1504,2578.33,0
1386,2533.81,2
95,317.25,1
220,885.38,1
1361,3558.79,3
3114,4616.51,8
650,693.75,2
114,678.3000000000001,2
1956,4912.29,0
112,369.3,2
267,574.07,3
800,576.0,0
912,1260.84,1
5006,10662.7,8
1084,1745.48,3
3544,2766.46,5
5124,12268.67,12
103,192.61,1
2762,3721.7400000000002,3
702,1844.82,1
912,974.04,1
336,704.7,1
400,1762.48,0
1218,2415.77,2
607,340.27000000000004,1
738,703.76,4
2053,2236.56,4
104,303.6,1
7663,9458.39,4
4865,10204.89,6
3457,1527.77,2
80,219.24,0
433,581.41,1
247,262.3,1
1465,1227.2,3
477,435.64,1
4558,8246.3,7
1014,1270.66,2
4789,12650.0,10
593,2043.01,0
196,353.75,1
39,96.95,1
245,493.1,1
4227,8564.25,9
468,644.55,1
4870,8767.75,7
1257,1878.7,3
1589,3069.6800000000003,5
528,2782.48,2
126,192.51,1
93,353.7,1
1403,1730.6299999999999,2
3105,3724.73,7
4492,6525.59,7
360,706.62,0
10476,28840.1,12
7720,15220.79,21
344,731.41,0
552,1131.84,2
78,249.94,0
2316,4921.61,7
1702,3880.56,6
987,2541.04,2
7652,16765.34,17
1719,4165.85,4
296,347.4,1
2180,7664.52,12
3084,7089.58,3
16155,46481.090000000004,51
2203,2829.82,4
548,731.4,1
118,96.56,2
192,513.97,0
548,1066.1000000000001,1
160,130.1,1
321,1028.8700000000001,0
660,1566.93,3
379,654.91,0
80,370.32,0
696,1006.36,1
1117,1499.54,2
328,590.46,3
355,359.18,2
320,778.75,2
2325,3893.1,5
35,151.65,1
219,604.15,1
1785,7676.29,7
74,146.64000000000001,0
314,478.65999999999997,1
743,1179.79,0
471,993.04,2
244,530.38,0
3173,3706.31,7
614,1057.01,1
1143,1763.28,2
227,441.67,1
3146,4374.57,0
334,332.46,1
519,1023.15,1
95,167.16,1
373,962.22,2
699,1862.1000000000001,0
302,568.37,1
206,894.33,0
158,269.86,1
855,2281.0499999999997,6
3973,4205.78,2
375,470.31,1
4118,4830.2,4
288,1083.08,2
574,667.72,2
4228,10014.83,18
3180,4712.7,4
2537,4348.22,7
1943,2787.81,6
216,1652.4,0
269,620.05,2
4247,7500.31,8
481,699.31,2
526,1028.33,0
461,755.32,1
104,218.13,0
1769,1961.6200000000001,4
2021,2352.44,2
726,623.06,2
396,572.56,1
1008,2088.54,0
269,603.93,0
84,160.6,1
1676,3843.2400000000002,1
18784,17972.86,2
5462,6516.820000000001,15
7932,6746.76,2
337,691.91,2
804,2050.2,2
4442,6551.29,5
808,900.5999999999999,0
1897,3102.75,0
5251,8287.09,11
9177,21894.14,6
115,314.7,1
2814,4547.22,0
111,345.03,1
28,58.2,1
2931,7343.110000000001,4
1499,3264.28,4
1323,1657.95,7
2480,2811.65,5
3361,4536.46,10
888,1288.6,2
279,684.27,2
178,317.3,2
165,208.15,1
822,2105.67,3
139,589.25,2
128,1401.6,0
1239,1533.17,5
549,712.35,0
936,1081.66,1
323,880.13,2
96,162.24,1
2277,4097.79,0
11788,27832.28,10
256,467.28000000000003,3
22093,48349.61,16
2383,4400.74,3
1047,2409.7400000000002,7
840,2580.82,5
397,961.89,2
3432,2786.4,8
6961,10905.2,12
432,457.92,0
5255,4920.08,4
1258,1408.23,4
1946,3129.041,3
966,5775.16,9
34,77.3,1
4568,6759.5,5
4621,5157.36,3
370,504.51,1
1651,1759.1299999999999,4
518,1220.96,0
849,1751.13,3
314,474.09,1
1228,2557.82,4
784,1777.35,2
1224,2171.73,6
1009,1678.14,3
13222,23877.38,19
14812,15122.33,8
1087,3020.23,3
250,305.35,0
3231,4242.89,7
3456,2937.6,1
804,726.5,0
635,1541.12,3
3714,9564.57,23
1265,2114.33,3
414,1986.16,2
880,1350.32,1
410,801.94,2
16706,46235.75,72
0,0.0,2
1023,645.39,0
358,775.0999999999999,4
62379,58887.08,12
602,1166.88,7
283,421.89,1
275,1045.25,1
255,360.83,0
3364,5100.88,1
887,1428.27,0
4522,5007.150000000001,7
31412,106912.72,34
102,308.7,1
480,508.8,0
1114,1309.63,1
473,765.29,2
252,262.32,0
120,210.0,1
4573,21570.2,9
1261,2201.8,1
506,1651.3799999999999,0
-1,-25111.09,1
4217,9476.95,3
51,227.6,1
3440,10050.699999999999,15
248,544.6700000000001,1
86273,87620.06,10
1140,1649.49,0
4852,14189.41,14
690,992.1,1
222,468.82,3
9590,18958.38,8
1409,2426.07,0
1414,2346.14,6
4980,9516.82,13
994,2572.22,2
8792,3731.04,4
271,945.99,0
17371,37081.7,16
152,377.16,1
1016,1327.41,1
6263,14000.04,8
955,2220.25,6
1373,1879.11,3
6070,6500.46,10
1767,2471.29,1
-1,-176.96,1
744,1431.8,0
10015,15888.84,10
44,171.6,0
33277,66461.1,19
2640,3085.07,3
1074,2064.82,3
460,727.6999999999999,0
1940,3563.84,7
542,1136.41,1
3129,4738.67,0
548,843.9,1
316,979.3199999999999,5
702,818.22,1
1115,3355.05,4
678,932.34,1
636,719.8199999999999,1
491,634.0500000000001,1
5691,8784.36,14
2016,2136.96,0
3345,4995.79,0
-1,-506.51,1
282,191.10000000000002,0
830,1190.34,0
22876,24380.52,53
4034,8834.24,6
190582,567497.15,8
2061,3023.94,0
-1,-227.28,1
381,993.42,0
1603,3482.87,7
118,248.1,0
1430,2585.94,2
5102,11630.1,13
504,970.1,1
734,1003.85,0
2237,5703.17,15
1308,1299.83,0
452,1245.78,0
3043,5448.2,3
1186,1951.5800000000002,3
2680,5117.28,9
541,1699.19,0
30,172.1,1
256,275.2,1
5024,11488.66,16
5275,4747.91,7
389,887.95,1
1056,1948.73,1
553,1369.95,3
352,2543.4,1
346,391.8,0
488,970.1800000000001,4
431,2378.83,5
1108,3096.92,2
488,866.6400000000001,1
1051,1780.1299999999999,1
1792,2265.1,0
523,1494.77,2
608,1549.1200000000001,1
513,294.46999999999997,2
-25,-87.75,1
346,697.94,0
65,276.55,1
288,692.0,1
536,459.8,0
2485,4533.07,2
6988,12016.54,8
990,3074.9,2
78,130.91,1
40,94.39999999999999,1
641,1374.84,2
1428,3142.6000000000004,4
130,567.9,2
998,578.14,0
2302,2532.74,2
19,1154.5,0
237,555.75,0
672,1335.5600000000002,0
1047,1311.07,0
10383,20501.19,9
2672,5730.2,3
255,546.79,0
753,1413.32,0
5815,10107.67,8
5374,9672.3,0
688,1019.58,1
246016,405634.34,42
9806,12455.220000000001,9
648,1837.4,2
609,1142.74,1
1104,3610.18,5
1046,2177.4900000000002,1
122,279.34,0
436,635.01,2
6175,9952.300000000001,11
735,1004.95,0
1542,2411.46,2
1494,1648.31,0
1150,1028.82,0
611,1071.05,3
678,2327.7000000000003,2
2713,10297.07,9
840,1881.99,0
3739,6627.08,0
1534,2570.4700000000003,2
3048,5532.43,4
995,3438.73,7
34,80.34,1
24,34.8,1
1550,3162.4,4
192,224.8,0
361,741.23,2
986,1468.77,0
186,120.78,0
1227,2008.83,7
887,2268.3,4
86,286.02,1
618,764.6,2
93,211.75,1
746,1671.41,3
1405,4344.44,3
-1,-648.05,1
434,1471.5,4
454,846.9,4
552,322.8,0
1774,4082.05,7
283,635.19,0
3788,6621.21,12
2576,5015.2,3
3218,3441.41,0
1272,1828.92,3
409,658.85,1
423,873.09,1
132,669.54,1
376,216.44,1
3276,4068.46,4
710,1300.44,3
1602,2281.46,0
440,671.82,5
260,751.53,0
150,342.36,1
1018,1817.31,0
6382,10928.94,2
619,803.4200000000001,1
518,761.89,0
0,0.0,2
1714,3029.61,1
659,1275.23,7
431,565.45,0
175,476.55,0
132,437.9,1
9916,19638.43,24
367,731.75,2
938,2058.0,8
607,1314.97,1
439,1110.74,2
21311,41465.54,24
1297,4142.79,5
151,371.35,1
6200,15371.9,4
4557,4242.24,3
90,240.3,1
150,489.08,1
3552,9686.12,6
17848,30451.21,17
1438,2779.8,0
2776,7844.92,2
0,0.0,2
9597,15225.43,9
2866,5353.02,2
545,776.5,0
16623,10623.52,8
4073,7549.85,6
294,1094.58,1
16,75.6,3
170,243.67000000000002,0
653,877.5,1
11214,14403.83,10
1217,2172.5,6
1177,2103.79,4
169,550.05,1
102,222.60000000000002,1
496,799.87,1
936,910.15,2
2179,3382.0,8
1789,3063.83,8
9619,15852.68,16
6660,11653.07,22
4742,9357.300000000001,0
437,723.45,0
805,1484.8700000000001,4
2080,5304.0,2
413,371.23,2
3634,9026.11,10
259,443.44,0
184,217.44,0
2148,6980.38,4
608,2228.56,3
1649,5143.45,6
1842,3289.83,2
6707,12601.460000000001,4
298,431.65999999999997,1
1350,638.98,2
117,161.25,0
3094,4493.94,2
337,1187.15,0
989,1910.51,4
-4,-25.4,2
1939,4611.15,3
1784,5532.41,0
1679,2619.93,4
438,607.13,0
518,1062.3400000000001,0
864,1684.8,2
1040,1284.93,5
4921,11025.61,7
-1,-6.95,1
3337,4145.56,3
565,1088.8500000000001,2
6892,13679.84,11
-8,-39.6,1
3193,10352.18,13
189,748.2099999999999,2
1801,4918.58,1
1405,3303.61,3
195,283.23,0
8104,12144.45,8
5738,11434.49,0
3511,2600.8,0
89,245.0,0
4374,9530.5,3
3190,3689.06,0
120,275.40000000000003,1
580,960.08,0
3810,8471.95,4
461,795.95,1
-24,-162.0,1
414,1010.26,2
4962,11809.68,14
1661,1990.28,2
1420,1011.0,1
2483,3342.21,3
4779,8142.51,7
226,1123.2,0
7190,12881.97,3
138,277.7,0
2271,4685.12,2
5283,12978.470000000001,5
7375,9228.99,8
1312,1103.16,1
42665,101347.92,51
3591,5429.01,7
52966,92617.21,52
736,1026.03,2
2831,7384.49,9
231,853.45,3
876,1462.3999999999999,6
5340,10265.07,6
1819,1692.69,3
261,413.53,0
7161,12195.94,8
7236,18131.3,2
445,958.3100000000001,1
231,635.25,2
506,564.82,2
6164,16770.25,8
686,1450.1000000000001,4
4349,6034.25,9
300,308.72,0
2779,3199.0299999999997,2
2984,3158.52,4
12920,17272.07,34
242,804.2,0
159,264.45,0
586,1370.5,2
7393,16049.85,12
198,732.5,0
5187,7476.66,4
1513,1996.5,1
772,2541.52,0
2413,3892.86,2
17838,44994.99,24
2317,2265.05,7
889,2010.43,2
584,1518.72,4
308,600.24,1
486,933.22,0
343,988.29,0
1924,2500.82,4
1318,3220.58,8
1152,979.1999999999999,1
17280,33841.04,15
556,648.72,1
420,943.7,2
4817,9555.6,0
4165,5388.71,9
220,742.64,1
5661,9097.17,2
2796,10472.2,1
622,2239.8,0
3801,6384.74,0
922,2191.28,8
1072,1837.22,0
4093,8661.89,3
500,907.6,1
10111,16315.630000000001,8
1083,2631.75,2
2608,5997.77,10
913,1306.75,0
1501,3132.69,3
19340,33691.65,11
398,632.04,0
270,415.02000000000004,0
5167,9423.19,10
5196,17443.62,12
228,449.4,6
240,200.4,2
1578,4786.280000000001,9
107,243.65,2
5132,3712.54,1
273,1272.87,2
1692,2194.28,5
11,64.65,0
262,1009.0,1
966,2573.32,1
5450,2487.39,0
322,310.15000000000003,1
192,80.64,0
252,775.76,5
9439,10702.53,10
-56,-146.95,1
852,1624.71,3
10964,21436.62,31
5779,10520.18,4
1621,2156.59,2
1097,1570.0,6
964,2392.88,0
370,275.3,1
50,88.7,4
1401,3377.63,3
435,1212.1,1
308,621.35,2
315,744.52,1
4912,6377.58,5
5980,14734.94,9
744,2297.38,0
744,710.77,2
236,710.09,1
464,1024.69,2
3219,7455.19,8
120,97.19999999999999,0
678,648.51,3
892,1256.52,0
466,393.90000000000003,1
770,1258.67,0
312,751.72,3
66,451.56,0
938,1382.8600000000001,2
701,638.69,1
154,275.8,1
455,845.64,2
450,697.79,0
2682,5984.78,1
531,3070.5,0
367,901.35,1
2973,6312.360000000001,6
88,235.8,0
317,849.1,2
306,733.09,0
117,327.15000000000003,2
736,681.96,0
735,2759.48,4
2184,4623.7,5
202,260.81,1
7360,14215.24,12
1192,2423.41,0
1589,1545.61,4
5630,10935.75,13
174,311.4,1
381,757.36,4
2119,1692.75,1
884,646.5,0
534,889.8,3
288,1018.65,4
7108,25685.57,12
281,877.27,3
11990,20573.96,9
1240,2477.1,4
1415,3135.71,0
2708,3725.86,2
900,882.12,1
157,189.35,3
714,1375.9,4
181,280.54,1
4470,23791.219999999998,6
191,323.15999999999997,1
438,723.7800000000001,1
2279,3749.53,5
423,932.88,2
408,298.4,0
837,1121.1200000000001,4
200,310.44,1
2947,4419.76,2
1152,3215.48,0
7064,11129.800000000001,5
228,1124.1000000000001,0
30,88.50000000000001,0
355,312.62,0
325,908.68,1
1766,1799.5,2
535,586.8,0
119,144.32999999999998,0
1196,3417.17,0
7640,14923.650000000001,11
396,487.62,0
297,441.55,1
73186,147002.47,126
254,1243.42,1
455,552.47,1
52,51.559999999999995,0
514,1223.93,4
1,2033.1,0
58,256.68,2
3133,8220.48,22
512,2230.6600000000003,4
54262,140564.96,158
1851,3175.9700000000003,6
695,1230.34,3
1162,3386.37,3
1220,2086.09,4
670,775.62,1
1382,2187.83,0
30596,38813.64,2
11647,29432.24,21
247,427.98,0
1782,2281.27,4
7528,9564.68,13
1152,3531.74,3
8656,11250.58,7
2137,1840.42,2
30163,71472.77,35
1010,2249.0,2
592,1721.8000000000002,12
167,465.55,1
990,2011.4,3
3160,5711.03,2
1418,2378.19,4
296,445.11,1
8679,15889.34,15
417,1798.17,0
176,369.74,1
5832,10086.08,3
190,482.67,0
1820,2231.69,2
125,568.92,0
902,1725.1200000000001,2
79,329.35,0
236,567.54,2
942,2589.66,4
5630,6211.7699999999995,21
307,343.22,0
1603,3850.68,4
51,160.5,0
1525,2442.02,21
706,1526.17,5
717,1166.94,0
565,290.53,0
173,424.01,0
200,176.22,0
2177,5650.74,13
174,128.12,0
576,512.64,0
2298,5949.599999999999,9
353,584.14,2
193,237.4,0
2,30.0,0
64,418.98,2
957,352.57,1
310,832.33,1
88,312.21999999999997,0
2639,5508.65,11
41,103.35,0
2116,645.22,1
1470,2579.67,7
67,196.45,1
315,696.45,1
370,690.4200000000001,0
540,1107.97,1
3269,7041.88,12
580,473.19,0
528,589.66,1
182,86.94,2
306,649.59,0
770,769.3199999999999,3
2280,2749.56,1
28677,64258.66,41
2114,5040.32,8
95,342.2,1
340,1287.0,2
2697,6870.62,3
288,976.32,1
1033,2590.38,3
144,401.40000000000003,1
267,466.98,1
593,4217.6,8
6900,8250.96,10
3833,6979.24,16
1452,2735.64,0
109,226.45,1
1098,2026.5500000000002,1
537,1665.5,6
439,717.6,0
3218,7518.42,0
115,330.03000000000003,1
56,143.3,0
167555,56315.32,8
2540,2976.72,3
38,77.50000000000001,0
-3,-165.03,1
176,157.13,1
406,630.56,3
129,262.01,0
444,596.4,0
144,358.56000000000006,0
176003,375829.94,87
1386,2939.45,7
1620,2736.1800000000003,2
836,1461.66,4
178,385.8,1
5500,7229.1,14
1504,1785.0,2
1,12.75,0
355,151.03,0
526,1632.46,1
50,180.70000000000002,1
110,252.29000000000002,2
2775,5581.58,64
1272,1517.22,4
683,1657.93,4
1446,1603.04,1
8762,14846.79,21
7158,3629.56,5
343,727.53,2
1196,1889.21,4
2445,5179.2300000000005,25
947,1061.47,0
130,353.12,1
88,288.2,0
246,450.90000000000003,0
2258,3932.08,3
4567,13770.27,13
392,1258.64,1
3456,2669.84,2
2471,2465.48,4
603,1366.55,0
1272,1752.46,1
536,460.2,1
166,213.57,1
165,302.53,1
1827,2385.22,4
243,664.35,0
30,62.400000000000006,0
1465,1638.01,5
359,976.0600000000001,7
535,433.86,1
1442,2995.02,4
203,830.06,1
227,405.15,1
205,452.71000000000004,1
3960,4406.34,8
864,1073.66,2
1144,1125.14,3
3611,2837.63,0
1299,1207.01,4
681,1479.56,2
208,236.0,1
1840,1889.09,4
148,484.56,4
528,687.42,1
145,461.44,0
170,633.72,0
644,1735.8,3
372,330.94,1
14781,33395.81,14
1171,3881.41,12
108,278.8,0
405,959.2,2
131,254.85,1
555,344.53,0
173,404.95,0
256,188.85,0
1905,3599.32,2
1600,2752.0,1
124,294.95,3
26,141.3,0
85,279.6,2
344,532.7,2
2447,3137.91,4
-1,-3248.86,1
190,372.11,0
2244,2321.21,6
938,4401.89,2
119,170.24,0
133,192.05,1
477,788.73,1
154,383.09999999999997,0
599,1055.69,1
90,156.6,0
483,163.09,0
1786,1523.3799999999999,1
2096,2409.92,2
1665,3617.34,8
69,322.77,9
138,268.28,1
1077,1006.5,4
360,834.0,0
14283,17733.9,21
111,350.85,1
941,1771.57,1
3118,9175.2,8
257,305.7,0
96,437.08000000000004,1
246,576.62,2
480,861.95,1
788,1037.78,2
413,779.3100000000001,1
3268,4528.11,8
36642,24502.98,1
751,1064.8,4
210,355.7,1
8274,25237.22,6
641,1055.25,2
1707,3130.47,3
1202,2708.22,2
364,371.97,0
1616,2622.04,2
7043,15160.76,20
1592,3501.82,6
60,211.8,2
7124,13181.23,13
5477,14890.41,17
976,2798.2,2
310,583.08,0
6,101.69999999999999,0
6726,9173.89,6
166,610.7,2
1440,2734.6,5
46,-12.72,0
5277,6519.650000000001,0
1085,2987.98,2
6392,12497.87,17
179,202.79000000000002,1
6807,9426.81,8
798,1552.01,2
12375,6271.27,1
1284,2463.0,0
326,593.1,0
967,1157.86,0
440,1159.53,1
1005,734.19,3
1187,3692.4500000000003,3
154,115.25999999999999,0
12702,39881.92,17
186,309.7,0
190,1106.1,1
927,1075.85,1
960,689.13,1
25291,43836.03,9
6176,8377.75,4
8577,15013.67,8
2579,3684.41,3
2617,3484.77,3
4011,7333.400000000001,7
494,1325.97,1
193,217.98999999999998,0
900,1008.92,1
463,1195.62,3
424225,1388740.19,95
38,243.2,1
640,1454.02,0
108,293.38000000000005,0
1297,4139.34,5
138,374.41,1
580,2020.5,2
7124,19559.16,15
284,628.82,1
329,738.51,2
967,1609.07,2
288,305.28000000000003,1
97,420.1,0
5,13.9,1
2778,5160.32,5
960,544.17,0
7443,14832.42,5
286,492.32,1
56,216.7,0
768,1258.12,0
2283,3477.18,0
828,1009.97,1
86,177.56,1
1901,2640.95,0
212,349.86,0
557,1470.8,1
422,946.07,1
72,145.35,0
1583,1877.55,0
1944,614.6399999999999,1
405,445.8,1
0,715.4999999999999,0
265,886.35,2
1356,2741.25,8
1703,3067.83,5
108,328.14,2
63,366.8,0
8737,16541.7,0
673,1044.29,1
906,1836.27,3
1751,1646.7,0
1118,2073.12,0
6185,13338.68,8
9461,10924.46,8
222,315.3,0
425,290.58,0
134,187.58,1
1882,3711.06,4
578,1072.38,0
1646,3483.18,5
130,708.3,1
298,385.34000000000003,1
1124,1745.42,3
360,583.32,0
826,1878.07,1
507,602.1,1
687,883.95,0
384,2164.2999999999997,0
905,1889.9,1
1883,4397.15,1
621,686.4,1
754,1319.6599999999999,2
417,846.6,0
390,572.22,0
168,339.6,1
809,3104.2400000000002,0
4368,8301.12,15
159,796.45,0
2409,6416.070000000001,6
2489,6042.4,4
17530,46118.64,38
3814,6988.9400000000005,1
320,650.0,1
136,357.6,1
445,811.25,0
2652,4657.59,3
8055,13471.37,9
3734,6058.38,2
3034,3421.38,0
1034,2609.64,6
296,642.08,1
838,1609.3200000000002,0
120,99.6,0
311,850.85,0
710,796.8599999999999,1
686,1625.31,3
4035,7388.05,4
1432,2548.4900000000002,2
1142,2267.79,3
596,861.8,1
668,2163.42,0
1540,1898.4,3
3284,8951.5,5
140,241.32,1
1822,3162.29,2
414,480.0,2
5766,8968.75,0
188,675.9000000000001,2
212,299.96,0
446,1131.52,1
1106,3074.02,0
194,1046.12,3
2278,4134.83,0
380,1115.86,0
472,603.36,1
576,1044.08,3
169,810.79,1
131,287.05,0
2622,4823.36,1
593,996.85,0
375,1194.55,1
346,389.76,0
2258,4421.41,5
2823,5979.21,5
287,817.2,0
979,1321.8500000000001,4
1864,2270.68,2
3123,7286.04,9
2816,4565.4400000000005,9
1665,3186.5099999999998,2
578,936.1300000000001,0
15900,33691.79,25
143,345.65000000000003,0
19303,36707.0,19
14696,24318.9,24
23,119.25,2
515,1406.21,0
6784,26175.08,10
5309,11196.19,3
6547,16804.13,24
529,1222.8600000000001,0
8,880.0,0
174,474.5,1
2725,3104.9900000000002,0
1535,4025.8500000000004,6
1136,1988.56,0
266,576.34,1
1925,4870.03,2
240,900.96,0
3177,7017.75,5
3975,7521.83,4
458,1118.55,1
876,613.28,2
9642,13111.83,15
518,1751.1399999999999,1
576,1585.2,6
1002,1826.74,0
170,182.7,0
440,796.94,0
68613,44852.11,8
1731,2935.52,6
282,841.62,1
390,567.3,1
352,599.4,1
274,160.18,1
4613,9559.75,6
4809,5355.89,8
2568,7853.3,5
11273,24804.46,24
317,727.87,0
970,1074.56,2
2463,1832.44,0
469,1327.55,1
556,1692.75,0
340,670.2,1
262,440.4,2
1352,2884.06,6
352,847.2,1
444,886.4,1
671,1465.35,2
5230,7751.54,4
420,1071.0,1
0,1.7763568394002505e-15,0
990,1561.14,2
2204,2891.52,7
851,2605.87,6
274,766.1,1
1126,421.09999999999997,1
356,961.3000000000001,2
354,515.54,1
169,425.27,0
3332,5713.6,6
1138,935.46,2
344,1070.7,1
1358,2783.25,3
4482,6455.95,5
